{"type":"FeatureCollection","features":[{"type":"Feature","properties":{"code":"01","name":"Hà Nội","full_name":"Thành phố Hà Nội"},"geometry":{"type":"MultiPolygon","coordinates":[[[[105.825669,21.377581],[105.865182,21.331875],[105.891504,21.327399],[105.910773,21.303851],[105.921275,21.287698],[105.934061,21.246203],[105.913513,21.232927],[105.910138,21.223225],[105.911205,21.204794],[105.905462,21.193469],[105.915926,21.166206],[105.920603,21.135444],[105.939149,21.086019],[105.996513,21.074115],[106.005233,21.026156],[105.998945,21.007492],[105.976849,20.998465],[105.958175,20.964697],[105.916449,20.976934],[105.904559,20.910933],[105.933995,20.86336],[105.909434,20.829053],[105.963522,20.777388],[105.985396,20.70303],[105.956462,20.651598],[105.940242,20.682596],[105.894373,20.658331],[105.889157,20.648994],[105.861542,20.64631],[105.843287,20.658208],[105.828498,20.652292],[105.810297,20.617122],[105.796329,20.578497],[105.726083,20.602951],[105.696506,20.617201],[105.684246,20.617435],[105.668099,20.632129],[105.679977,20.641903],[105.676623,20.669642],[105.669715,20.681333],[105.665163,20.736008],[105.63149,20.794127],[105.629887,20.811327],[105.636439,20.825791],[105.635769,20.83114],[105.629335,20.836049],[105.60393,20.839184],[105.584099,20.820465],[105.573456,20.823647],[105.555764,20.895595],[105.547831,20.926309],[105.477222,20.948044],[105.417743,20.992034],[105.378705,21.022881],[105.317894,21.014744],[105.298516,21.069705],[105.28695,21.162373],[105.311981,21.198549],[105.367907,21.289545],[105.445654,21.253462],[105.486164,21.16454],[105.624742,21.182422],[105.622049,21.194339],[105.615655,21.208822],[105.631515,21.209194],[105.641679,21.216628],[105.646021,21.227883],[105.65497,21.235641],[105.671497,21.236358],[105.680196,21.235377],[105.683133,21.23173],[105.709174,21.221892],[105.732021,21.235964],[105.726918,21.243502],[105.722725,21.257979],[105.759238,21.306417],[105.784859,21.356024],[105.825669,21.377581]]]]}},{"type":"Feature","properties":{"code":"04","name":"Cao Bằng","full_name":"Tỉnh Cao Bằng"},"geometry":{"type":"MultiPolygon","coordinates":[[[[105.563279,23.1107],[105.576388,23.070979],[105.618815,23.069174],[105.664286,23.070344],[105.713395,23.067711],[105.739678,23.032961],[105.79317,23.001338],[105.838136,22.975077],[105.858086,22.942264],[105.8817,22.928491],[105.94766,22.940109],[106.00025,22.949753],[106.003689,22.977018],[106.028537,22.993509],[106.083693,23.000418],[106.110552,22.989209],[106.153516,22.991471],[106.201874,22.98402],[106.234239,22.948989],[106.26253,22.9112],[106.256224,22.886122],[106.278096,22.870964],[106.305339,22.867983],[106.326057,22.874407],[106.368213,22.88328],[106.409423,22.887939],[106.442133,22.897452],[106.472812,22.910409],[106.497442,22.907789],[106.512284,22.948223],[106.538741,22.942234],[106.562858,22.921496],[106.591065,22.934407],[106.60696,22.920721],[106.628014,22.888318],[106.639216,22.876256],[106.662941,22.876344],[106.671654,22.892931],[106.689698,22.892262],[106.714761,22.879616],[106.720712,22.856695],[106.750729,22.835323],[106.763885,22.81321],[106.787806,22.816535],[106.812914,22.820696],[106.826669,22.811364],[106.829608,22.796958],[106.812376,22.772251],[106.783234,22.767174],[106.775464,22.749101],[106.760739,22.733491],[106.769849,22.708126],[106.756768,22.687124],[106.739887,22.670642],[106.727686,22.647239],[106.723936,22.626075],[106.727511,22.602379],[106.70639,22.579964],[106.658483,22.576946],[106.632956,22.593273],[106.604903,22.599009],[106.600945,22.566102],[106.579714,22.518497],[106.572388,22.471746],[106.560635,22.4672],[106.557492,22.457457],[106.564585,22.443481],[106.562476,22.424218],[106.517142,22.39973],[106.490342,22.395348],[106.482189,22.377739],[106.461509,22.359948],[106.410432,22.370652],[106.37815,22.361351],[106.340792,22.393564],[106.316497,22.408962],[106.265309,22.452819],[106.214002,22.451277],[106.185729,22.400869],[106.168768,22.404308],[106.138967,22.395766],[106.107358,22.400173],[106.099596,22.427009],[106.104152,22.457331],[106.116348,22.512405],[106.093722,22.530047],[106.072174,22.558059],[106.065941,22.570623],[106.030867,22.560432],[105.951532,22.527421],[105.858114,22.522383],[105.778326,22.550977],[105.772163,22.58105],[105.748972,22.603403],[105.726468,22.639387],[105.751983,22.707282],[105.69316,22.723303],[105.609146,22.695368],[105.53926,22.637666],[105.494468,22.690625],[105.445583,22.767721],[105.315911,22.847559],[105.295877,22.876154],[105.336865,22.933206],[105.366482,22.987435],[105.493834,23.035155],[105.559332,23.116811],[105.563279,23.1107]]]]}},{"type":"Feature","properties":{"code":"08","name":"Tuyên Quang","full_name":"Tỉnh Tuyên Quang"},"geometry":{"type":"MultiPolygon","coordinates":[[[[105.516176,22.636471],[105.562676,22.564992],[105.551426,22.439782],[105.516882,22.395259],[105.480089,22.314425],[105.468147,22.273819],[105.430875,22.221039],[105.475838,22.164053],[105.47133,22.098115],[105.504601,22.000015],[105.54913,21.948347],[105.51802,21.882633],[105.493514,21.822402],[105.521015,21.771213],[105.487811,21.705278],[105.484737,21.684331],[105.489683,21.652805],[105.49598,21.634793],[105.500249,21.620323],[105.509601,21.604359],[105.524026,21.588449],[105.537133,21.578312],[105.508577,21.535228],[105.425205,21.503343],[105.343291,21.51852],[105.315355,21.514178],[105.278541,21.543143],[105.261465,21.569122],[105.232742,21.618946],[105.222029,21.662168],[105.153702,21.684817],[105.098907,21.718084],[105.075041,21.733031],[105.077009,21.766353],[105.098268,21.815308],[105.047225,21.862684],[105.012973,21.906606],[104.999128,21.932814],[104.988675,21.994952],[104.992434,22.036441],[104.953035,22.036434],[104.910005,22.064957],[104.862773,22.100416],[104.848912,22.177074],[104.785522,22.174159],[104.737578,22.19115],[104.721297,22.2521],[104.667874,22.276643],[104.601236,22.288183],[104.549585,22.242974],[104.577533,22.310554],[104.551032,22.356188],[104.50685,22.404292],[104.460099,22.435208],[104.468492,22.490418],[104.416858,22.542156],[104.458188,22.606011],[104.357443,22.674825],[104.371947,22.690921],[104.47984,22.769595],[104.523376,22.816181],[104.574904,22.852616],[104.599945,22.828401],[104.611174,22.81729],[104.640583,22.837391],[104.702063,22.827454],[104.740294,22.859359],[104.776222,22.90596],[104.830589,22.924898],[104.859675,22.968473],[104.830814,22.995831],[104.813271,23.066549],[104.800683,23.109428],[104.837993,23.116058],[104.876437,23.129329],[104.894815,23.177038],[104.943677,23.152581],[104.974954,23.205652],[105.019407,23.219359],[105.06128,23.256507],[105.098434,23.25194],[105.162205,23.278022],[105.196391,23.277213],[105.23557,23.266697],[105.254186,23.313212],[105.264613,23.343869],[105.309426,23.382977],[105.346052,23.370597],[105.367408,23.323556],[105.418968,23.285957],[105.450372,23.277404],[105.485838,23.235302],[105.500783,23.202065],[105.545409,23.190208],[105.570462,23.152671],[105.563011,23.121636],[105.492251,23.031149],[105.360538,22.982952],[105.333628,22.932213],[105.289243,22.877385],[105.319317,22.844721],[105.4523,22.759943],[105.489799,22.684483],[105.516176,22.636471]]]]}},{"type":"Feature","properties":{"code":"11","name":"Điện Biên","full_name":"Tỉnh Điện Biên"},"geometry":{"type":"MultiPolygon","coordinates":[[[[102.393837,22.420028],[102.440302,22.365837],[102.511527,22.264652],[102.599813,22.242827],[102.64522,22.17592],[102.676153,22.2452],[102.746671,22.2163],[102.757917,22.119829],[102.841812,22.067065],[102.877324,22.081925],[102.928408,22.103555],[102.961821,22.040814],[103.020063,22.056056],[103.093371,22.059874],[103.140632,22.070736],[103.202335,22.06953],[103.285012,22.0561],[103.304032,22.117363],[103.385903,22.156832],[103.43671,22.056461],[103.460102,21.99959],[103.494918,21.94854],[103.478967,21.911194],[103.503135,21.874624],[103.538188,21.82779],[103.558915,21.753161],[103.591141,21.677126],[103.540866,21.649302],[103.533022,21.58941],[103.515363,21.536244],[103.457618,21.518959],[103.454037,21.458423],[103.406865,21.429294],[103.354021,21.426809],[103.358004,21.382698],[103.374141,21.33012],[103.431585,21.258306],[103.431212,21.169862],[103.403476,21.11632],[103.385048,21.062319],[103.290766,21.099005],[103.298857,21.060625],[103.289925,20.994133],[103.285532,20.9124],[103.225785,20.896823],[103.160624,20.911825],[103.109143,20.913778],[103.078748,20.973039],[103.033428,21.053213],[102.960542,21.08041],[102.945711,21.14002],[102.905411,21.17687],[102.895007,21.241752],[102.812993,21.259833],[102.847511,21.297372],[102.89039,21.341338],[102.927657,21.442995],[102.881398,21.428291],[102.902777,21.478479],[102.959539,21.556189],[102.980223,21.644671],[102.987753,21.713062],[102.906324,21.720373],[102.859389,21.759628],[102.843628,21.84455],[102.813049,21.730582],[102.71373,21.664431],[102.652031,21.719284],[102.646543,21.827345],[102.61606,21.904866],[102.495761,21.983933],[102.492529,22.038044],[102.436087,22.095003],[102.397966,22.126411],[102.354257,22.167195],[102.307206,22.207717],[102.272423,22.224543],[102.237642,22.2461],[102.227517,22.285767],[102.179345,22.305919],[102.181851,22.34145],[102.157077,22.384819],[102.22318,22.427305],[102.263207,22.479915],[102.338047,22.524875],[102.366795,22.47431],[102.393837,22.420028]]]]}},{"type":"Feature","properties":{"code":"12","name":"Lai Châu","full_name":"Tỉnh Lai Châu"},"geometry":{"type":"MultiPolygon","coordinates":[[[[103.327437,22.812142],[103.41344,22.770647],[103.426176,22.719206],[103.457254,22.680326],[103.485606,22.622449],[103.536502,22.587094],[103.577893,22.550721],[103.575994,22.492901],[103.579132,22.4406],[103.622668,22.398966],[103.719721,22.415558],[103.769494,22.354031],[103.761124,22.315429],[103.829898,22.25971],[103.870411,22.198396],[103.902379,22.156283],[103.937583,22.116923],[103.951228,22.027923],[103.970669,21.980719],[103.930152,21.923296],[103.91599,21.840187],[103.960285,21.775598],[103.933533,21.745721],[103.90588,21.69648],[103.849234,21.694549],[103.822408,21.736632],[103.774156,21.779625],[103.714866,21.813824],[103.716179,21.866583],[103.681767,21.92144],[103.656598,21.98077],[103.608964,22.005142],[103.511658,22.015268],[103.496776,21.977352],[103.452516,22.014601],[103.421408,22.072318],[103.347427,22.153288],[103.284269,22.108207],[103.27866,22.04003],[103.168706,22.082001],[103.114077,22.098435],[103.064913,22.061014],[102.996447,22.050084],[102.942749,22.064366],[102.92424,22.09599],[102.866469,22.078547],[102.809215,22.073158],[102.738252,22.14945],[102.705575,22.24246],[102.695483,22.21011],[102.622776,22.194328],[102.568744,22.262362],[102.488776,22.2984],[102.416815,22.388616],[102.390076,22.451748],[102.345599,22.493956],[102.335149,22.561447],[102.347928,22.590378],[102.415107,22.640021],[102.383632,22.674114],[102.443127,22.728651],[102.491342,22.781348],[102.564431,22.715556],[102.65072,22.695957],[102.720031,22.681388],[102.784419,22.641765],[102.8412,22.613619],[102.869698,22.575116],[102.907583,22.520284],[102.956687,22.485608],[103.008875,22.459078],[103.072561,22.449501],[103.082099,22.512204],[103.148346,22.544323],[103.170457,22.571761],[103.176655,22.630511],[103.217326,22.649087],[103.281414,22.687121],[103.309204,22.768832],[103.327437,22.812142]]]]}},{"type":"Feature","properties":{"code":"14","name":"Sơn La","full_name":"Tỉnh Sơn La"},"geometry":{"type":"MultiPolygon","coordinates":[[[[103.628287,21.993038],[103.662847,21.953793],[103.70221,21.888859],[103.700715,21.842767],[103.745091,21.810961],[103.792037,21.758919],[103.833191,21.741948],[103.872465,21.687088],[103.933409,21.692849],[104.003591,21.670779],[104.091221,21.644012],[104.215806,21.673347],[104.309849,21.655901],[104.292021,21.604856],[104.284731,21.534443],[104.300634,21.454005],[104.345028,21.41941],[104.418299,21.371566],[104.506313,21.382924],[104.582699,21.42148],[104.681172,21.37775],[104.733478,21.40309],[104.767127,21.341447],[104.825393,21.31751],[104.853016,21.235145],[104.857152,21.174072],[104.910615,21.112895],[104.855884,21.061193],[104.891219,21.0012],[104.957483,20.918046],[104.997824,20.857037],[104.995548,20.816698],[104.998141,20.767552],[105.014732,20.729543],[104.859864,20.758762],[104.835789,20.735328],[104.841414,20.710776],[104.834744,20.694601],[104.836817,20.659938],[104.792533,20.585446],[104.720616,20.601221],[104.661388,20.625271],[104.583008,20.688141],[104.522257,20.703471],[104.482389,20.757463],[104.437489,20.800976],[104.375675,20.82283],[104.330696,20.872992],[104.275174,20.925709],[104.239659,20.934943],[104.124203,20.95878],[104.054898,20.942537],[103.987363,20.910598],[103.894123,20.90731],[103.815166,20.86865],[103.776418,20.799083],[103.762089,20.739752],[103.74142,20.677856],[103.662699,20.700684],[103.58599,20.748071],[103.505076,20.758225],[103.474894,20.814861],[103.430846,20.797239],[103.359565,20.807603],[103.291373,20.835192],[103.225623,20.845554],[103.24589,20.894821],[103.273999,20.930665],[103.281204,21.004381],[103.299488,21.068944],[103.311268,21.095259],[103.407648,21.065257],[103.400599,21.140958],[103.433625,21.202726],[103.438451,21.282217],[103.367373,21.337549],[103.348844,21.395689],[103.366054,21.430197],[103.421778,21.430649],[103.451203,21.478837],[103.467663,21.518643],[103.51857,21.550172],[103.537567,21.60076],[103.5555,21.657197],[103.595035,21.681248],[103.551926,21.766863],[103.528942,21.833431],[103.491727,21.877381],[103.480909,21.92075],[103.502133,21.964866],[103.511684,22.003855],[103.590242,22.015012],[103.628287,21.993038]]]]}},{"type":"Feature","properties":{"code":"15","name":"Lào Cai","full_name":"Tỉnh Lào Cai"},"geometry":{"type":"MultiPolygon","coordinates":[[[[104.338134,22.704969],[104.414245,22.631113],[104.424428,22.574513],[104.435539,22.51737],[104.447882,22.461284],[104.490866,22.410982],[104.551548,22.37167],[104.569529,22.338546],[104.543039,22.274549],[104.584366,22.256336],[104.642989,22.279223],[104.70239,22.264072],[104.719798,22.209866],[104.760441,22.171281],[104.82789,22.179791],[104.859688,22.136221],[104.890013,22.073054],[104.940046,22.05149],[104.982837,22.044655],[104.988485,22.00474],[104.987019,21.946774],[105.018721,21.930281],[105.039847,21.886744],[105.077784,21.831411],[105.073561,21.781987],[105.056454,21.745719],[105.082695,21.723331],[105.0949,21.698993],[105.054615,21.689354],[105,21.691929],[104.981449,21.661945],[104.935878,21.648731],[104.890276,21.613234],[104.866155,21.546641],[104.910873,21.439127],[104.881559,21.376224],[104.856662,21.367034],[104.812105,21.33531],[104.760003,21.347749],[104.722677,21.402358],[104.661597,21.380808],[104.577392,21.410748],[104.485659,21.366308],[104.409468,21.387613],[104.338461,21.410095],[104.287874,21.463717],[104.274853,21.55143],[104.313977,21.617452],[104.294062,21.656192],[104.196694,21.653011],[104.079345,21.65002],[103.988527,21.676761],[103.919699,21.706491],[103.947805,21.743565],[103.947885,21.8033],[103.885454,21.899235],[103.947171,21.924209],[103.954795,22.000003],[103.954095,22.052478],[103.937374,22.129663],[103.887439,22.174189],[103.856214,22.207142],[103.808424,22.285773],[103.769019,22.330862],[103.764342,22.373787],[103.698851,22.408336],[103.60262,22.412271],[103.570202,22.450418],[103.584967,22.512458],[103.565702,22.568511],[103.526827,22.596481],[103.56437,22.687706],[103.595559,22.747797],[103.617977,22.775178],[103.642213,22.794829],[103.68095,22.761441],[103.735545,22.707607],[103.766062,22.690997],[103.811398,22.639505],[103.854826,22.59035],[103.886326,22.571429],[103.915645,22.534203],[103.936384,22.5271],[103.963744,22.509401],[103.983463,22.514677],[104.009874,22.524582],[104.01353,22.564744],[104.012204,22.583158],[104.029946,22.651379],[104.027305,22.688526],[104.062581,22.755305],[104.127599,22.812184],[104.182276,22.827085],[104.250119,22.840966],[104.255077,22.77305],[104.338134,22.704969],[104.338134,22.704969]]]]}},{"type":"Feature","properties":{"code":"19","name":"Thái Nguyên","full_name":"Tỉnh Thái Nguyên"},"geometry":{"type":"MultiPolygon","coordinates":[[[[106.099832,21.936954],[106.125914,21.911323],[106.113702,21.8724],[106.106448,21.838174],[106.105047,21.795807],[106.146042,21.766201],[106.191682,21.743579],[106.233682,21.727783],[106.215868,21.671772],[106.194375,21.632778],[106.163034,21.619352],[106.08429,21.621782],[106.031575,21.561414],[106.05364,21.549549],[106.040038,21.490513],[106.048313,21.447723],[106.028907,21.403671],[105.994547,21.407212],[105.956136,21.422203],[105.937126,21.37369],[105.901159,21.361019],[105.885158,21.346602],[105.87556,21.32853],[105.850381,21.364627],[105.784373,21.367457],[105.759789,21.403833],[105.715165,21.432983],[105.665193,21.460602],[105.642029,21.468782],[105.633389,21.478762],[105.629402,21.488082],[105.624592,21.496492],[105.615865,21.505215],[105.607897,21.515658],[105.600787,21.525998],[105.590885,21.533859],[105.577446,21.545138],[105.561929,21.561425],[105.548006,21.57242],[105.537133,21.578312],[105.524026,21.588449],[105.509601,21.604359],[105.500249,21.620323],[105.49598,21.634793],[105.489683,21.652805],[105.484737,21.684331],[105.487811,21.705278],[105.521015,21.771213],[105.493514,21.822402],[105.51802,21.882633],[105.54913,21.948347],[105.504601,22.000015],[105.47133,22.098115],[105.475838,22.164053],[105.430875,22.221039],[105.468147,22.273819],[105.480089,22.314425],[105.516882,22.395259],[105.551426,22.439782],[105.562676,22.564992],[105.53926,22.637666],[105.609146,22.695368],[105.69316,22.723303],[105.751983,22.707282],[105.726468,22.639387],[105.748972,22.603403],[105.772163,22.58105],[105.778326,22.550977],[105.858114,22.522383],[105.951532,22.527421],[106.030867,22.560432],[106.065941,22.570623],[106.072174,22.558059],[106.093722,22.530047],[106.116348,22.512405],[106.104152,22.457331],[106.099596,22.427009],[106.107358,22.400173],[106.138967,22.395766],[106.168768,22.404308],[106.187246,22.379625],[106.213973,22.36027],[106.198569,22.30918],[106.221192,22.289354],[106.243799,22.261161],[106.229962,22.220279],[106.219698,22.168614],[106.186281,22.138507],[106.177887,22.116281],[106.156088,22.085247],[106.111232,22.071636],[106.098556,22.040651],[106.107752,22.003459],[106.10706,21.963741],[106.099832,21.936954]]]]}},{"type":"Feature","properties":{"code":"20","name":"Lạng Sơn","full_name":"Tỉnh Lạng Sơn"},"geometry":{"type":"MultiPolygon","coordinates":[[[[106.256441,22.453032],[106.299372,22.424802],[106.331176,22.403967],[106.359874,22.358868],[106.401251,22.37142],[106.446695,22.358975],[106.487987,22.373265],[106.483095,22.390516],[106.505903,22.404194],[106.536795,22.420191],[106.579424,22.397641],[106.578118,22.372921],[106.559306,22.354838],[106.578263,22.3414],[106.611272,22.340287],[106.634775,22.34023],[106.655414,22.329304],[106.664476,22.291001],[106.684431,22.281655],[106.686198,22.261994],[106.69303,22.240919],[106.696671,22.218971],[106.673404,22.188721],[106.67671,22.172163],[106.697123,22.163887],[106.694299,22.149794],[106.691884,22.128026],[106.705713,22.103902],[106.704326,22.068502],[106.69631,22.048247],[106.703649,22.024851],[106.681701,21.986043],[106.69198,21.970104],[106.69726,21.961686],[106.706837,21.975297],[106.726743,21.989016],[106.756828,22.013357],[106.784248,22.002093],[106.79507,21.988497],[106.814302,21.974665],[106.835927,21.984853],[106.873418,21.981963],[106.911643,21.97679],[106.922736,21.948717],[106.949451,21.932344],[106.969658,21.924506],[106.988922,21.951632],[107.027528,21.93772],[107.054775,21.915836],[107.04876,21.882383],[107.013286,21.860582],[107.0058,21.830395],[107.037371,21.816268],[107.071281,21.809962],[107.089442,21.800803],[107.109947,21.794629],[107.13215,21.77633],[107.139922,21.763596],[107.16051,21.754906],[107.177278,21.74958],[107.197021,21.727898],[107.236312,21.707464],[107.283232,21.733429],[107.312145,21.727321],[107.33089,21.701401],[107.3463,21.675497],[107.362539,21.640636],[107.3557,21.607121],[107.324978,21.593395],[107.291827,21.593019],[107.265855,21.565601],[107.232608,21.554403],[107.203916,21.544392],[107.22636,21.521515],[107.244059,21.48108],[107.243034,21.439151],[107.262218,21.398946],[107.237664,21.367164],[107.209727,21.388751],[107.181339,21.37364],[107.142886,21.366442],[107.090113,21.357741],[107.040025,21.328823],[106.987524,21.359642],[106.990053,21.410843],[106.982394,21.440755],[106.930504,21.430943],[106.889659,21.453871],[106.855873,21.496975],[106.837875,21.513118],[106.863155,21.529814],[106.824426,21.562328],[106.767436,21.573075],[106.736324,21.544469],[106.700433,21.593655],[106.653256,21.604404],[106.608499,21.605775],[106.551292,21.590043],[106.525536,21.553644],[106.517613,21.499226],[106.480807,21.450658],[106.447054,21.437402],[106.411712,21.433473],[106.403093,21.405009],[106.359762,21.397407],[106.322901,21.410608],[106.317591,21.447856],[106.302812,21.44539],[106.284313,21.469167],[106.266168,21.492441],[106.236305,21.494458],[106.168094,21.536509],[106.167818,21.591389],[106.194375,21.632778],[106.215868,21.671772],[106.233682,21.727783],[106.191682,21.743579],[106.146042,21.766201],[106.105047,21.795807],[106.106448,21.838174],[106.113702,21.8724],[106.125914,21.911323],[106.099832,21.936954],[106.109288,21.963654],[106.108716,22.008759],[106.099659,22.042317],[106.112455,22.072226],[106.157336,22.088883],[106.179565,22.117524],[106.18662,22.140716],[106.225892,22.17275],[106.232021,22.220861],[106.243307,22.263555],[106.220049,22.290737],[106.197691,22.311636],[106.211805,22.362078],[106.186089,22.381469],[106.202435,22.433655],[106.256441,22.453032]]]]}},{"type":"Feature","properties":{"code":"22","name":"Quảng Ninh","full_name":"Tỉnh Quảng Ninh"},"geometry":{"type":"MultiPolygon","coordinates":[[[[107.451221,20.717388],[107.47003,20.742025],[107.451221,20.717388]]],[[[107.386548,20.746273],[107.394444,20.751718],[107.386548,20.746273]]],[[[107.130377,20.764898],[107.148388,20.760761],[107.138636,20.746839],[107.152096,20.741624],[107.133902,20.739472],[107.125205,20.753851],[107.126543,20.767753],[107.130377,20.764898]]],[[[107.488618,20.772098],[107.477555,20.771302],[107.488618,20.772098],[107.488618,20.772098]]],[[[107.413954,20.781354],[107.398341,20.786113],[107.418689,20.795563],[107.413954,20.781354]]],[[[107.126188,20.795819],[107.132539,20.774131],[107.116653,20.78275],[107.111675,20.816175],[107.126188,20.795819]]],[[[107.178216,20.821362],[107.171893,20.814393],[107.166622,20.817973],[107.170827,20.82513],[107.178216,20.821362]]],[[[107.256108,20.838375],[107.258765,20.835855],[107.254903,20.83765],[107.256108,20.838375]]],[[[107.083216,20.835908],[107.071671,20.836442],[107.083216,20.835908]]],[[[107.209302,20.839173],[107.207861,20.837973],[107.203939,20.842683],[107.209302,20.839173]]],[[[107.118719,20.840152],[107.119791,20.835013],[107.111184,20.841141],[107.118719,20.840152]]],[[[107.156504,20.840929],[107.169008,20.843531],[107.167008,20.831621],[107.156945,20.835519],[107.155354,20.848578],[107.156504,20.840929]]],[[[107.253951,20.849544],[107.244126,20.845229],[107.24789,20.852204],[107.253951,20.849544]]],[[[107.175182,20.851696],[107.184548,20.844618],[107.177274,20.84256],[107.172017,20.854783],[107.175182,20.851696]]],[[[107.344404,20.852698],[107.349638,20.832328],[107.360288,20.830805],[107.381033,20.827421],[107.370409,20.803256],[107.340414,20.819552],[107.336476,20.852864],[107.344404,20.852698]]],[[[107.288286,20.85545],[107.290524,20.848826],[107.269175,20.835075],[107.278828,20.85529],[107.288286,20.85545]]],[[[107.05053,20.852386],[107.045543,20.853055],[107.049179,20.854015],[107.05053,20.852386]]],[[[107.096536,20.854916],[107.098858,20.846381],[107.103895,20.835662],[107.108243,20.830304],[107.093781,20.835834],[107.085267,20.837754],[107.086382,20.852221],[107.097896,20.857624],[107.096536,20.854916]]],[[[107.278822,20.864235],[107.279664,20.870177],[107.278822,20.864235]]],[[[107.266108,20.871943],[107.262538,20.860999],[107.259766,20.869789],[107.253955,20.867332],[107.266108,20.871943],[107.266108,20.871943]]],[[[106.890607,20.844777],[106.89279,20.866918],[106.890607,20.844777]]],[[[107.297906,20.875956],[107.302627,20.872935],[107.311289,20.874163],[107.299495,20.869722],[107.298024,20.867386],[107.295173,20.878023],[107.297906,20.875956]]],[[[107.064484,20.870301],[107.061586,20.861778],[107.061877,20.876024],[107.064484,20.870301]]],[[[107.241161,20.866063],[107.229592,20.878848],[107.23673,20.871587],[107.241161,20.866063]]],[[[107.013064,20.87798],[107.014435,20.87211],[107.022935,20.874209],[107.010134,20.867622],[107.004204,20.872901],[107.013064,20.87798]]],[[[107.130865,20.878166],[107.142852,20.873667],[107.144939,20.870248],[107.126355,20.879274],[107.130865,20.878166]]],[[[107.037186,20.880862],[107.043897,20.866659],[107.037671,20.868741],[107.030287,20.878363],[107.033015,20.882632],[107.037186,20.880862]]],[[[107.203903,20.8863],[107.215351,20.881672],[107.221346,20.862574],[107.226121,20.870185],[107.232495,20.863852],[107.217167,20.864047],[107.202755,20.86937],[107.194258,20.886023],[107.203903,20.8863]]],[[[106.997781,20.892964],[106.987209,20.886707],[106.993885,20.877166],[106.984348,20.87116],[106.982195,20.876657],[106.976663,20.88812],[106.984967,20.890246],[106.996699,20.894769],[106.997781,20.892964]]],[[[107.343323,20.888513],[107.362941,20.891158],[107.384824,20.889134],[107.392716,20.87703],[107.388483,20.869731],[107.371257,20.860557],[107.345131,20.867368],[107.336948,20.887263],[107.328503,20.886948],[107.343323,20.888513]]],[[[107.008795,20.893111],[107.00788,20.885475],[107.000503,20.881403],[107.003749,20.892262],[107.008795,20.893111]]],[[[106.965983,20.889233],[106.950997,20.883669],[106.953435,20.892244],[106.964293,20.897102],[106.965983,20.889233]]],[[[107.340721,20.898072],[107.350581,20.892847],[107.344602,20.889346],[107.340721,20.898072]]],[[[107.441809,20.900277],[107.444348,20.893006],[107.42559,20.887696],[107.416464,20.895292],[107.443176,20.9062],[107.441809,20.900277]]],[[[107.321343,20.873312],[107.301301,20.890377],[107.289618,20.908612],[107.32237,20.875664],[107.321343,20.873312]]],[[[107.020927,20.910364],[107.012987,20.906156],[107.014783,20.914977],[107.020927,20.910364]]],[[[107.321696,20.883916],[107.307454,20.9002],[107.306556,20.916268],[107.312753,20.912493],[107.321844,20.886064],[107.321696,20.883916]]],[[[107.326851,20.926273],[107.335635,20.917085],[107.321383,20.922906],[107.313607,20.928245],[107.326851,20.926273]]],[[[106.967823,20.939741],[106.996428,20.933136],[106.984975,20.918108],[106.977857,20.928844],[106.975892,20.914987],[106.957624,20.93259],[106.967823,20.939741]]],[[[107.295568,20.941921],[107.288993,20.936036],[107.284068,20.942523],[107.289112,20.94598],[107.295568,20.941921]]],[[[107.104371,20.935562],[107.102653,20.933193],[107.096096,20.932647],[107.096273,20.940769],[107.099622,20.939234],[107.104371,20.935562]]],[[[107.085901,20.942599],[107.077306,20.934938],[107.081867,20.947457],[107.085901,20.942599]]],[[[107.390833,20.94887],[107.391202,20.938437],[107.381869,20.946487],[107.391626,20.955561],[107.390833,20.94887]]],[[[107.536184,20.917071],[107.494318,20.866945],[107.466836,20.81832],[107.489725,20.875111],[107.509611,20.889048],[107.482683,20.896714],[107.525856,20.915289],[107.535676,20.936787],[107.555655,20.936274],[107.536184,20.917071]]],[[[107.303354,20.955291],[107.302973,20.951205],[107.295653,20.956948],[107.303354,20.955291]]],[[[107.382035,20.961239],[107.388562,20.961835],[107.356763,20.929386],[107.308427,20.938772],[107.314966,20.938309],[107.337457,20.944658],[107.339893,20.938187],[107.345233,20.940227],[107.364167,20.94918],[107.380816,20.9626],[107.382035,20.961239]]],[[[107.216395,20.962876],[107.212766,20.958234],[107.210696,20.951571],[107.206241,20.962172],[107.217083,20.964271],[107.216395,20.962876]]],[[[106.900991,20.964173],[106.907424,20.95392],[106.900991,20.964173]]],[[[107.448585,20.953017],[107.402538,20.913535],[107.388849,20.910143],[107.348489,20.904282],[107.385398,20.917],[107.419787,20.949853],[107.448624,20.955382],[107.448585,20.953017]]],[[[107.312353,20.9595],[107.303766,20.959377],[107.307606,20.969241],[107.312353,20.9595]]],[[[107.230843,20.973486],[107.226679,20.965417],[107.222431,20.972306],[107.230843,20.973486]]],[[[107.285767,20.987416],[107.295682,20.989074],[107.280073,20.991494],[107.285767,20.987416]]],[[[107.753278,21.013384],[107.782559,20.984006],[107.76258,20.997051],[107.768033,20.985855],[107.774578,20.968431],[107.748518,20.95488],[107.741771,20.950928],[107.759285,20.97692],[107.730173,21.005337],[107.753278,21.013384]]],[[[107.445942,21.025344],[107.443377,21.020985],[107.43202,21.014172],[107.440321,21.027049],[107.445942,21.025344]]],[[[107.537709,21.020617],[107.542025,21.04406],[107.538042,21.025247],[107.537709,21.020617]]],[[[107.859304,21.041082],[107.851354,21.024436],[107.833458,21.002881],[107.819422,20.986872],[107.802086,20.981247],[107.808437,21.001266],[107.814587,21.017227],[107.831886,21.037481],[107.849582,21.041603],[107.859304,21.041082]]],[[[107.554377,21.030282],[107.545125,21.021689],[107.536903,20.977744],[107.516246,20.925245],[107.472765,20.912234],[107.456736,20.917167],[107.3929,20.900299],[107.446332,20.930626],[107.483397,20.976758],[107.452586,20.945095],[107.471642,20.985124],[107.489241,20.994597],[107.507209,21.01048],[107.52226,21.026096],[107.535183,21.00942],[107.550785,21.046258],[107.554377,21.030282]]],[[[107.777259,21.046314],[107.760376,21.03478],[107.774918,21.051799],[107.777259,21.046314]]],[[[107.372734,21.034293],[107.373537,21.055378],[107.374221,21.035795],[107.372734,21.034293]]],[[[107.55717,21.056106],[107.550868,21.052505],[107.552726,21.055364],[107.547819,21.059254],[107.555743,21.070645],[107.557121,21.057041],[107.55717,21.056106]]],[[[107.531667,21.05552],[107.512809,21.046424],[107.497242,21.035664],[107.493402,21.043843],[107.524239,21.067755],[107.529531,21.068393],[107.531667,21.05552]]],[[[107.77163,21.06728],[107.775053,21.075137],[107.77163,21.06728]]],[[[107.507935,21.076066],[107.502389,21.068623],[107.507935,21.076066],[107.507935,21.076066]]],[[[107.490928,21.086921],[107.488147,21.088067],[107.490928,21.086921]]],[[[107.574489,21.077926],[107.584783,21.102853],[107.574489,21.077926]]],[[[107.819668,21.110945],[107.809195,21.10897],[107.819668,21.110945]]],[[[107.579133,21.117174],[107.553684,21.07444],[107.52397,21.078869],[107.543373,21.106272],[107.568054,21.117542],[107.579133,21.117174]]],[[[107.581845,20.999596],[107.563301,20.982676],[107.563712,20.999583],[107.582613,21.040634],[107.59171,21.079252],[107.628211,21.126275],[107.607754,21.06754],[107.588311,21.02759],[107.581845,20.999596]]],[[[107.580876,21.136031],[107.561228,21.120003],[107.559054,21.134869],[107.574973,21.138868],[107.580876,21.136031]]],[[[107.868941,21.141107],[107.868941,21.141107]]],[[[107.852429,21.153137],[107.860196,21.156617],[107.852429,21.153137]]],[[[107.399047,21.13345],[107.394801,21.163947],[107.399873,21.162538],[107.400562,21.135818],[107.399047,21.13345]]],[[[107.434703,21.186717],[107.422746,21.1818],[107.426157,21.18736],[107.432063,21.191963],[107.434703,21.186717]]],[[[108.017393,21.190241],[108.018322,21.190834],[108.017393,21.190241]]],[[[107.656482,21.139495],[107.667685,21.206919],[107.670892,21.194029],[107.656482,21.139495]]],[[[107.573888,21.209211],[107.573888,21.209211]]],[[[107.581413,21.224329],[107.581413,21.224329],[107.581413,21.224329]]],[[[107.684597,21.221038],[107.693481,21.232132],[107.684597,21.221038]]],[[[107.406201,21.230462],[107.388078,21.199793],[107.376552,21.19114],[107.384758,21.239905],[107.403061,21.241079],[107.406201,21.230462]]],[[[107.632422,21.234285],[107.636084,21.239626],[107.632422,21.234285]]],[[[107.97132,21.2314],[107.977072,21.241926],[107.97132,21.2314]]],[[[107.634242,21.257666],[107.623962,21.246981],[107.606617,21.234351],[107.596819,21.239375],[107.606669,21.248922],[107.62137,21.256003],[107.634242,21.257666]]],[[[107.539952,21.199079],[107.59824,21.219763],[107.556858,21.157131],[107.459693,21.087908],[107.440371,21.07145],[107.424833,21.059011],[107.380742,21.039207],[107.366805,21.077394],[107.391945,21.098453],[107.437838,21.153989],[107.418428,21.167886],[107.446149,21.179463],[107.46134,21.185033],[107.467466,21.196812],[107.462263,21.211165],[107.458201,21.275638],[107.531465,21.21026],[107.539952,21.199079]]],[[[107.579819,21.269166],[107.573812,21.260801],[107.557963,21.256528],[107.553702,21.265073],[107.544602,21.257518],[107.546545,21.269768],[107.571385,21.273642],[107.579819,21.269166]]],[[[107.556952,21.281129],[107.540799,21.278507],[107.556965,21.281893],[107.556952,21.281129]]],[[[107.792718,21.297451],[107.750795,21.28393],[107.792718,21.297451]]],[[[107.697245,21.29463],[107.671173,21.278774],[107.64375,21.267818],[107.665763,21.287345],[107.699448,21.296933],[107.697245,21.29463]]],[[[107.810571,21.346708],[107.790038,21.33143],[107.75406,21.315972],[107.73084,21.307824],[107.712678,21.308476],[107.762337,21.333273],[107.818048,21.353748],[107.810571,21.346708]]],[[[107.753916,21.362717],[107.759616,21.364845],[107.753916,21.362717]]],[[[107.994822,21.398657],[107.995707,21.389995],[107.957878,21.372875],[107.939869,21.356984],[107.917834,21.362591],[107.849499,21.342568],[107.846728,21.35685],[107.85036,21.349959],[107.880094,21.368162],[107.857115,21.369869],[107.831833,21.36785],[107.884229,21.384034],[107.987223,21.398589],[107.994822,21.398657]]],[[[107.486452,21.625739],[107.487519,21.60336],[107.522941,21.59125],[107.540282,21.591154],[107.554701,21.610527],[107.57159,21.618512],[107.601144,21.604763],[107.673269,21.610477],[107.696016,21.616703],[107.738548,21.639154],[107.772569,21.649644],[107.801826,21.656819],[107.830823,21.6462],[107.855944,21.655254],[107.873585,21.641995],[107.88397,21.621581],[107.889697,21.607439],[107.896506,21.595213],[107.901583,21.591136],[107.923292,21.587343],[107.945689,21.553073],[107.977421,21.543656],[108.012508,21.547756],[108.045865,21.533147],[108.030614,21.528397],[108.022048,21.510027],[108.02714,21.497583],[108.029817,21.487767],[108.085835,21.486084],[108.014185,21.475374],[107.964188,21.435569],[107.986319,21.471663],[107.980893,21.472849],[107.967089,21.491643],[107.964297,21.477268],[107.953361,21.466381],[107.948653,21.458105],[107.936907,21.457595],[107.924279,21.471669],[107.935764,21.482023],[107.941877,21.501786],[107.921466,21.50458],[107.915101,21.520645],[107.90373,21.521321],[107.888352,21.528537],[107.883274,21.51537],[107.884623,21.506722],[107.8642,21.51785],[107.848271,21.520932],[107.830071,21.514306],[107.82399,21.516871],[107.81169,21.5133],[107.774755,21.52401],[107.766429,21.503968],[107.792323,21.491592],[107.783126,21.470966],[107.759869,21.445317],[107.754588,21.429042],[107.749492,21.403168],[107.724634,21.41115],[107.693403,21.409243],[107.67142,21.416474],[107.671477,21.385946],[107.635534,21.378417],[107.627552,21.338412],[107.604791,21.318629],[107.589011,21.30411],[107.548254,21.317633],[107.52731,21.327266],[107.507424,21.304773],[107.467845,21.311522],[107.439605,21.305843],[107.439888,21.285141],[107.419426,21.269191],[107.395172,21.278228],[107.364612,21.245205],[107.365323,21.185885],[107.383456,21.161799],[107.385949,21.133275],[107.369736,21.099874],[107.369325,21.093327],[107.354686,21.073103],[107.362603,21.03847],[107.356147,21.004215],[107.313722,20.99493],[107.302918,20.997281],[107.300361,20.996431],[107.293243,20.992136],[107.286935,20.996595],[107.257763,20.996948],[107.240898,20.987852],[107.207644,20.966962],[107.197914,20.938509],[107.165002,20.939163],[107.161682,20.936692],[107.143968,20.940295],[107.111728,20.938952],[107.049008,20.947285],[107.015799,20.950686],[106.994246,20.955868],[106.978473,20.953655],[106.95525,20.949998],[106.923294,20.948067],[106.894798,20.973564],[106.881726,20.987818],[106.877168,20.965156],[106.89999,20.953478],[106.931556,20.921076],[106.929815,20.908994],[106.895631,20.913621],[106.878764,20.926712],[106.878042,20.893282],[106.852744,20.870846],[106.866172,20.841449],[106.848151,20.829383],[106.783071,20.836967],[106.768906,20.930647],[106.726083,20.998202],[106.636438,21.013195],[106.594634,21.041052],[106.558996,21.057061],[106.529497,21.048606],[106.517686,21.056014],[106.477659,21.070445],[106.439143,21.081222],[106.437839,21.109723],[106.467644,21.118894],[106.481793,21.143197],[106.488903,21.181662],[106.499571,21.22643],[106.540981,21.193742],[106.579345,21.192336],[106.607778,21.172853],[106.660836,21.173678],[106.703587,21.168903],[106.737368,21.159861],[106.78872,21.150627],[106.828636,21.156652],[106.832131,21.188111],[106.872569,21.176006],[106.928846,21.171861],[106.955304,21.207687],[106.975969,21.238201],[106.973825,21.27242],[107.026218,21.308766],[107.07426,21.347711],[107.128976,21.371207],[107.167887,21.3644],[107.197848,21.379111],[107.228784,21.37703],[107.255793,21.37839],[107.246814,21.426008],[107.239574,21.471524],[107.232826,21.51444],[107.209045,21.533154],[107.223456,21.553032],[107.251802,21.561133],[107.283716,21.580767],[107.311611,21.592148],[107.35677,21.596591],[107.382206,21.598327],[107.402897,21.622397],[107.425123,21.646842],[107.462977,21.664779],[107.482849,21.645087],[107.486452,21.625739],[107.486452,21.625739]]]]}},{"type":"Feature","properties":{"code":"24","name":"Bắc Ninh","full_name":"Tỉnh Bắc Ninh"},"geometry":{"type":"MultiPolygon","coordinates":[[[[106.297394,21.122446],[106.303896,21.05338],[106.267014,20.990822],[106.175225,20.976867],[106.151879,20.989671],[106.122824,20.990352],[106.109384,20.998529],[106.076649,20.997257],[106.02925,20.995241],[106.009934,21.002356],[106.008056,21.011484],[106.018302,21.043142],[105.983348,21.071021],[105.933058,21.104597],[105.924064,21.13924],[105.919143,21.180317],[105.905419,21.199477],[105.908041,21.20816],[105.904059,21.223521],[105.920669,21.236877],[105.936622,21.245629],[105.922652,21.294608],[105.903321,21.303318],[105.887779,21.32794],[105.899834,21.347481],[105.91636,21.374981],[105.946072,21.401141],[105.969654,21.422381],[106.019428,21.397202],[106.027735,21.440489],[106.043426,21.47854],[106.04156,21.518944],[106.044325,21.55965],[106.05562,21.602176],[106.147348,21.624657],[106.173914,21.599473],[106.165481,21.542072],[106.224381,21.496278],[106.259006,21.491121],[106.282227,21.475971],[106.30075,21.443207],[106.312699,21.448994],[106.323918,21.421499],[106.349509,21.398063],[106.394299,21.406229],[106.403709,21.429453],[106.43981,21.440547],[106.473899,21.449141],[106.508703,21.489556],[106.522264,21.541198],[106.547975,21.580897],[106.59065,21.599996],[106.645922,21.606627],[106.693378,21.59679],[106.719456,21.558263],[106.754497,21.567858],[106.81493,21.56291],[106.860309,21.537358],[106.843468,21.514376],[106.847665,21.497296],[106.896411,21.464467],[106.926935,21.439013],[106.966617,21.43664],[106.992398,21.418175],[106.989062,21.367748],[107.022229,21.33084],[106.972087,21.285488],[106.978639,21.243474],[106.962504,21.214558],[106.941505,21.175515],[106.88139,21.184511],[106.846203,21.188675],[106.824258,21.165303],[106.800792,21.154609],[106.755061,21.156571],[106.7134,21.162543],[106.677523,21.171219],[106.623009,21.172325],[106.586998,21.183565],[106.549648,21.193997],[106.511191,21.224134],[106.466738,21.22809],[106.416693,21.223824],[106.363914,21.180735],[106.336099,21.172885],[106.311045,21.193874],[106.301399,21.126029],[106.297394,21.122446]]]]}},{"type":"Feature","properties":{"code":"25","name":"Phú Thọ","full_name":"Tỉnh Phú Thọ"},"geometry":{"type":"MultiPolygon","coordinates":[[[[105.135749,21.699726],[105.179634,21.681749],[105.231844,21.639324],[105.244388,21.596638],[105.269009,21.553767],[105.293271,21.520912],[105.335065,21.505383],[105.387211,21.515059],[105.47378,21.522177],[105.540881,21.576042],[105.554012,21.56848],[105.569222,21.553804],[105.58413,21.538951],[105.595963,21.530283],[105.604264,21.521457],[105.611296,21.51056],[105.620164,21.501001],[105.627394,21.492618],[105.630904,21.483901],[105.636815,21.474009],[105.647407,21.464914],[105.695015,21.440607],[105.721675,21.413424],[105.766797,21.375532],[105.771706,21.332709],[105.734298,21.281638],[105.725422,21.250451],[105.734554,21.24083],[105.720433,21.227635],[105.696214,21.217838],[105.686157,21.23523],[105.671733,21.22997],[105.665782,21.239195],[105.647137,21.238273],[105.652273,21.22823],[105.634621,21.215621],[105.625365,21.211644],[105.614968,21.203959],[105.629072,21.183786],[105.624129,21.171302],[105.464339,21.210113],[105.421543,21.293924],[105.348805,21.235735],[105.298273,21.184901],[105.31569,21.119589],[105.295546,21.036537],[105.336688,21.013675],[105.397228,21.001391],[105.43962,20.964588],[105.511597,20.923065],[105.580869,20.923083],[105.576988,20.863809],[105.556301,20.810835],[105.593626,20.833406],[105.618624,20.832087],[105.631792,20.839809],[105.639436,20.825618],[105.629641,20.820787],[105.630949,20.806018],[105.646775,20.793728],[105.679768,20.69656],[105.670977,20.667574],[105.678807,20.654658],[105.684248,20.639418],[105.663843,20.621007],[105.694962,20.620986],[105.702508,20.612259],[105.7642,20.5747],[105.813048,20.503809],[105.85224,20.438874],[105.815609,20.425497],[105.784029,20.444166],[105.75566,20.417365],[105.751196,20.397627],[105.75188,20.368371],[105.699687,20.411137],[105.689205,20.403351],[105.692858,20.391711],[105.717615,20.34841],[105.712088,20.326536],[105.663638,20.314876],[105.573864,20.365432],[105.500977,20.36151],[105.39365,20.376662],[105.259146,20.44008],[105.224732,20.505488],[105.158111,20.537638],[105.08934,20.57192],[105.011649,20.566897],[104.981339,20.572778],[104.958019,20.609053],[104.891597,20.670075],[104.834956,20.660594],[104.833622,20.697809],[104.838513,20.715481],[104.835009,20.742016],[104.885063,20.760963],[105.010504,20.741068],[104.999287,20.774749],[104.99825,20.822445],[104.993841,20.87179],[104.949107,20.925661],[104.883224,21.01738],[104.851432,21.072239],[104.906391,21.119861],[104.852634,21.179944],[104.85199,21.24102],[104.814599,21.326653],[104.853615,21.365484],[104.883085,21.373724],[104.909985,21.435672],[104.867558,21.543189],[104.887221,21.613708],[104.93478,21.646279],[104.975514,21.659325],[104.998305,21.690425],[105.051164,21.689602],[105.095233,21.696185],[105.091437,21.720641],[105.135749,21.699726]]]]}},{"type":"Feature","properties":{"code":"31","name":"Hải Phòng","full_name":"Thành phố Hải Phòng"},"geometry":{"type":"MultiPolygon","coordinates":[[[[107.733149,20.12933],[107.715808,20.132047],[107.733149,20.12933],[107.733149,20.12933]]],[[[107.139244,20.617032],[107.140108,20.617882],[107.139244,20.617032]]],[[[107.157573,20.620933],[107.157573,20.620933]]],[[[107.018093,20.716675],[107.017627,20.710259],[107.004975,20.72585],[107.018093,20.716675]]],[[[107.080023,20.730654],[107.079659,20.720293],[107.078654,20.732731],[107.080023,20.730654]]],[[[107.067796,20.733645],[107.061965,20.727908],[107.067909,20.736368],[107.067796,20.733645]]],[[[107.076432,20.75717],[107.076073,20.750436],[107.054551,20.756608],[107.063443,20.763205],[107.076432,20.75717]]],[[[107.080562,20.776048],[107.095516,20.774361],[107.091198,20.765202],[107.07806,20.760343],[107.070207,20.77413],[107.079564,20.769967],[107.080562,20.776048]]],[[[106.896585,20.806938],[106.882337,20.79419],[106.848853,20.794268],[106.890974,20.811875],[106.896585,20.806938]]],[[[106.867545,20.832838],[106.847556,20.822959],[106.867545,20.832838]]],[[[106.963428,20.874343],[106.974013,20.872011],[106.969549,20.86116],[106.957767,20.859293],[106.955652,20.867801],[106.961783,20.870061],[106.96219,20.876896],[106.963428,20.874343]]],[[[106.960691,20.855608],[106.978763,20.848431],[107.000011,20.858803],[107.00386,20.852843],[107.009143,20.848134],[107.028545,20.861899],[107.044676,20.84392],[107.058369,20.827387],[107.077127,20.823886],[107.097756,20.809557],[107.098887,20.790676],[107.098914,20.777915],[107.068079,20.776834],[107.054122,20.776249],[107.043106,20.762009],[107.070502,20.741072],[107.061618,20.74572],[107.05739,20.727677],[107.049681,20.714744],[107.047711,20.720317],[107.038777,20.724387],[107.031555,20.728591],[107.02313,20.728398],[107.013753,20.734607],[107.039672,20.739864],[107.013898,20.74063],[107.014681,20.747933],[106.998836,20.751373],[107.000002,20.732014],[106.975468,20.750172],[106.969181,20.771317],[106.916519,20.804961],[106.924732,20.850366],[106.949038,20.856859],[106.948276,20.87826],[106.952286,20.860328],[106.960691,20.855608]]],[[[106.618988,21.01541],[106.677628,21.009389],[106.765678,20.97562],[106.754316,20.867377],[106.827566,20.807508],[106.801462,20.799227],[106.769244,20.787689],[106.77871,20.747097],[106.797593,20.719656],[106.796846,20.694974],[106.808362,20.676606],[106.791258,20.685561],[106.779075,20.696642],[106.766791,20.704455],[106.749716,20.698549],[106.695308,20.687198],[106.680321,20.624363],[106.625249,20.627881],[106.566182,20.620512],[106.539545,20.612386],[106.500793,20.61636],[106.46751,20.608328],[106.45108,20.642647],[106.400375,20.692423],[106.411173,20.720612],[106.379889,20.712622],[106.330367,20.711061],[106.292004,20.706649],[106.278574,20.693211],[106.263361,20.689193],[106.225205,20.707142],[106.216154,20.733381],[106.19115,20.766528],[106.172767,20.773476],[106.15723,20.780825],[106.136194,20.802151],[106.138893,20.816332],[106.133576,20.846277],[106.145286,20.88553],[106.139357,20.907151],[106.149226,20.933896],[106.133356,20.961826],[106.151879,20.989671],[106.175225,20.976867],[106.267014,20.990822],[106.303896,21.05338],[106.297394,21.122446],[106.307179,21.185471],[106.331152,21.17612],[106.362342,21.176087],[106.410465,21.212189],[106.460335,21.229188],[106.498475,21.210545],[106.485299,21.172851],[106.481717,21.13555],[106.456678,21.117602],[106.440778,21.102815],[106.443147,21.076523],[106.4965,21.059396],[106.512717,21.049246],[106.535321,21.05172],[106.566699,21.054122],[106.606936,21.031701],[106.618988,21.01541]]]]}},{"type":"Feature","properties":{"code":"33","name":"Hưng Yên","full_name":"Tỉnh Hưng Yên"},"geometry":{"type":"MultiPolygon","coordinates":[[[[106.101687,20.998637],[106.117229,20.98557],[106.132404,20.963792],[106.150209,20.93604],[106.140576,20.908577],[106.14536,20.887733],[106.133883,20.847183],[106.138905,20.81791],[106.135018,20.802948],[106.155932,20.780654],[106.172661,20.774589],[106.190249,20.766508],[106.21673,20.733914],[106.223109,20.71189],[106.265976,20.688485],[106.274555,20.6937],[106.291505,20.707657],[106.325693,20.706508],[106.374092,20.712152],[106.408443,20.722117],[106.401004,20.694521],[106.447659,20.64607],[106.466072,20.611926],[106.492778,20.617099],[106.538091,20.609149],[106.564357,20.620768],[106.61999,20.626095],[106.645963,20.599441],[106.588017,20.540187],[106.601868,20.47182],[106.617216,20.441861],[106.581187,20.383992],[106.585504,20.353657],[106.599141,20.299695],[106.592364,20.250041],[106.508686,20.309386],[106.420725,20.310409],[106.336475,20.378099],[106.255687,20.331273],[106.261776,20.406958],[106.216078,20.476796],[106.159807,20.563237],[106.095624,20.617489],[106.034494,20.679253],[105.96756,20.734378],[105.928784,20.785947],[105.913068,20.841355],[105.920085,20.880706],[105.907041,20.927056],[105.936845,20.971332],[105.96111,20.986709],[105.987365,20.999409],[106.009934,21.002356],[106.02925,20.995241],[106.076649,20.997257],[106.101687,20.998637]]]]}},{"type":"Feature","properties":{"code":"37","name":"Ninh Bình","full_name":"Tỉnh Ninh Bình"},"geometry":{"type":"MultiPolygon","coordinates":[[[[105.806757,20.429541],[105.854042,20.42788],[105.813899,20.503827],[105.769202,20.557673],[105.808639,20.605885],[105.809301,20.630226],[105.825517,20.665733],[105.849666,20.650672],[105.87113,20.64466],[105.893275,20.651972],[105.894443,20.668653],[105.944792,20.668309],[105.965265,20.665783],[106.030188,20.643326],[106.114697,20.614737],[106.174417,20.535505],[106.222811,20.455713],[106.283388,20.395804],[106.273512,20.329232],[106.349899,20.359351],[106.446497,20.291745],[106.526497,20.317071],[106.577686,20.215551],[106.543751,20.202596],[106.532607,20.223833],[106.482307,20.220141],[106.417695,20.20753],[106.385472,20.197206],[106.349857,20.178921],[106.288618,20.105869],[106.200507,20.006143],[106.165135,19.959479],[106.059033,19.923785],[106.036965,19.959275],[106.025302,19.993389],[106.047648,20.003404],[106.06309,20.029441],[106.018397,20.060251],[105.925097,20.095962],[105.834744,20.142884],[105.738716,20.189784],[105.670457,20.253207],[105.586218,20.313699],[105.546525,20.347648],[105.614778,20.349929],[105.69241,20.313789],[105.725347,20.334945],[105.705159,20.371288],[105.695156,20.39812],[105.683244,20.406681],[105.72879,20.38729],[105.752959,20.3925],[105.753274,20.400825],[105.750736,20.440393],[105.787823,20.454611],[105.806757,20.429541]]]]}},{"type":"Feature","properties":{"code":"38","name":"Thanh Hoá","full_name":"Tỉnh Thanh Hoá"},"geometry":{"type":"MultiPolygon","coordinates":[[[[105.889298,19.336741],[105.889471,19.337501],[105.889298,19.336741]]],[[[105.906365,19.339636],[105.906084,19.340778],[105.906365,19.339636]]],[[[105.901841,19.34452],[105.897282,19.345557],[105.901287,19.346715],[105.901841,19.34452]]],[[[105.875987,19.352375],[105.875508,19.354778],[105.876592,19.354109],[105.875987,19.352375]]],[[[105.931473,19.355982],[105.933888,19.348373],[105.92782,19.351568],[105.931473,19.355982]]],[[[105.871923,19.357439],[105.870561,19.359005],[105.872246,19.357945],[105.871923,19.357439]]],[[[105.928005,19.35858],[105.928476,19.359947],[105.928005,19.35858]]],[[[105.930962,19.383343],[105.933108,19.373568],[105.928103,19.361334],[105.920749,19.362338],[105.911916,19.380608],[105.918057,19.379683],[105.928211,19.384946],[105.930962,19.383343]]],[[[104.90829,20.663798],[104.960885,20.595728],[104.985676,20.575173],[105.020022,20.559792],[105.103361,20.572317],[105.162408,20.52224],[105.236915,20.494497],[105.270812,20.433965],[105.41285,20.379544],[105.52147,20.363401],[105.559459,20.328499],[105.610309,20.29298],[105.691475,20.23096],[105.787005,20.17094],[105.878845,20.122425],[105.960333,20.067478],[106.062977,20.066484],[106.058018,20.016503],[106.038981,20.002101],[106.022827,19.970007],[105.990736,19.947899],[105.956377,19.927139],[105.9627,19.89159],[105.942937,19.862955],[105.929698,19.819565],[105.933343,19.798751],[105.931445,19.780295],[105.905669,19.746268],[105.896605,19.724467],[105.884173,19.728],[105.876006,19.729587],[105.836482,19.668196],[105.810416,19.580773],[105.806565,19.537081],[105.80398,19.495046],[105.804408,19.476149],[105.805024,19.460295],[105.810196,19.435219],[105.799173,19.430154],[105.789583,19.409358],[105.783685,19.403632],[105.791908,19.357167],[105.810437,19.331488],[105.813864,19.336899],[105.817674,19.33641],[105.819501,19.341118],[105.824276,19.336742],[105.823463,19.319551],[105.825917,19.305879],[105.816694,19.312096],[105.80902,19.318805],[105.80334,19.31212],[105.809468,19.306303],[105.80501,19.294469],[105.800531,19.296843],[105.77238,19.295141],[105.751726,19.30714],[105.728686,19.315997],[105.687294,19.302252],[105.665314,19.335264],[105.658345,19.343599],[105.65232,19.348049],[105.641081,19.357116],[105.62078,19.382904],[105.588407,19.371474],[105.552672,19.4236],[105.51639,19.465059],[105.43989,19.446597],[105.408672,19.458746],[105.390291,19.4558],[105.374992,19.489209],[105.353404,19.537324],[105.325606,19.520868],[105.311556,19.503861],[105.300589,19.489409],[105.291021,19.478679],[105.275891,19.49895],[105.271719,19.518912],[105.279282,19.567288],[105.271388,19.589598],[105.255205,19.645338],[105.226496,19.650012],[105.162256,19.698561],[105.160466,19.722319],[105.145469,19.733493],[105.13968,19.835581],[105.170284,19.915787],[105.138889,19.923119],[105.070247,19.935885],[105.00255,19.952755],[104.975426,19.977353],[104.959291,19.993664],[104.926086,19.990452],[104.925756,20.028156],[104.959927,20.107353],[104.895581,20.148565],[104.708613,20.207404],[104.608035,20.273228],[104.61516,20.348553],[104.693837,20.399722],[104.665148,20.451747],[104.615722,20.432285],[104.513845,20.388859],[104.403853,20.390453],[104.376233,20.471859],[104.469082,20.516887],[104.533563,20.586379],[104.619556,20.625114],[104.681634,20.601319],[104.742434,20.575279],[104.808531,20.630691],[104.898273,20.669748],[104.90829,20.663798]]]]}},{"type":"Feature","properties":{"code":"40","name":"Nghệ An","full_name":"Tỉnh Nghệ An"},"geometry":{"type":"MultiPolygon","coordinates":[[[[105.780028,18.802245],[105.772371,18.797967],[105.768078,18.800584],[105.772626,18.803426],[105.775308,18.804469],[105.780182,18.804954],[105.780028,18.802245]]],[[[104.931131,19.990348],[104.962168,19.989701],[104.981649,19.97249],[105.00351,19.953841],[105.078386,19.936721],[105.143264,19.92173],[105.171699,19.912614],[105.128645,19.825192],[105.148142,19.730048],[105.16006,19.719991],[105.161966,19.693859],[105.232854,19.647219],[105.264528,19.623311],[105.271683,19.588711],[105.277348,19.563404],[105.27063,19.514558],[105.274909,19.494943],[105.29454,19.4785],[105.302863,19.489549],[105.313806,19.506424],[105.330239,19.523614],[105.35714,19.531963],[105.379962,19.481292],[105.392859,19.454659],[105.41169,19.45789],[105.447337,19.443684],[105.517544,19.465376],[105.55871,19.416513],[105.59185,19.370676],[105.625872,19.379978],[105.640881,19.355325],[105.653503,19.345097],[105.660323,19.343711],[105.662676,19.324375],[105.692521,19.304032],[105.735826,19.320774],[105.754558,19.306594],[105.774281,19.296398],[105.801582,19.294125],[105.800326,19.285766],[105.802228,19.278082],[105.803593,19.274704],[105.793945,19.273818],[105.788764,19.27608],[105.775643,19.267675],[105.768869,19.237106],[105.763363,19.228843],[105.755751,19.227387],[105.752503,19.231071],[105.739863,19.222388],[105.732504,19.208589],[105.730819,19.169246],[105.728457,19.155088],[105.728171,19.121649],[105.733468,19.108175],[105.734796,19.104811],[105.730095,19.103458],[105.718581,19.100748],[105.714534,19.102537],[105.707505,19.096063],[105.695778,19.08941],[105.689902,19.08335],[105.686097,19.088188],[105.67511,19.097215],[105.667928,19.0973],[105.635707,19.062462],[105.617379,19.003431],[105.616091,18.97903],[105.61779,18.964097],[105.624034,18.932326],[105.635916,18.897754],[105.657411,18.889738],[105.661764,18.888461],[105.675626,18.876494],[105.681552,18.877762],[105.69655,18.864735],[105.700302,18.856633],[105.71688,18.851051],[105.713239,18.843197],[105.714462,18.832635],[105.719616,18.814557],[105.729858,18.797705],[105.755167,18.772894],[105.741904,18.738483],[105.766872,18.684586],[105.731662,18.672594],[105.704667,18.640354],[105.687637,18.597053],[105.6657,18.585439],[105.628228,18.570713],[105.60712,18.577911],[105.595462,18.576751],[105.578376,18.559524],[105.542758,18.553563],[105.502658,18.611236],[105.452535,18.603443],[105.387953,18.581966],[105.300945,18.613507],[105.227183,18.588981],[105.190819,18.607753],[105.197196,18.639328],[105.170306,18.657969],[105.132766,18.688441],[105.131607,18.715832],[105.078301,18.707409],[105.056535,18.721858],[105.033785,18.7278],[105.007868,18.742847],[104.985081,18.744427],[104.959538,18.741585],[104.939647,18.741112],[104.935711,18.755799],[104.924147,18.781776],[104.911912,18.791669],[104.908449,18.788705],[104.867773,18.782076],[104.845094,18.783821],[104.797678,18.783479],[104.744977,18.802092],[104.714222,18.830056],[104.709546,18.839986],[104.701813,18.839914],[104.687303,18.836165],[104.663931,18.856562],[104.635936,18.870069],[104.626279,18.888816],[104.581567,18.903513],[104.56338,18.931764],[104.543336,18.96452],[104.532371,18.98275],[104.484722,19.004546],[104.45036,18.986098],[104.421244,19.007223],[104.401616,19.055567],[104.359918,19.07368],[104.298234,19.114368],[104.251598,19.113285],[104.216018,19.119455],[104.211988,19.161114],[104.188543,19.186735],[104.142319,19.202512],[104.114381,19.22279],[104.093942,19.225771],[104.074128,19.242442],[104.052218,19.243633],[104.028002,19.238355],[103.995969,19.232674],[103.963046,19.251024],[103.914085,19.303338],[103.889828,19.305004],[103.882067,19.304311],[103.879341,19.322008],[103.904566,19.33064],[103.923158,19.343594],[103.950549,19.363677],[103.958989,19.376733],[103.961348,19.388613],[103.982667,19.400275],[104.002147,19.404452],[104.020194,19.413899],[104.049025,19.426708],[104.06875,19.418275],[104.064075,19.454341],[104.07983,19.467417],[104.083431,19.478779],[104.095747,19.492674],[104.115823,19.497422],[104.120673,19.505493],[104.106778,19.517818],[104.107924,19.53366],[104.103435,19.547965],[104.103637,19.564585],[104.082001,19.586511],[104.063309,19.632398],[104.055674,19.651967],[104.070378,19.674543],[104.090859,19.666424],[104.118072,19.661612],[104.154307,19.670561],[104.162778,19.697454],[104.196838,19.693658],[104.226144,19.706523],[104.261692,19.702967],[104.314816,19.691159],[104.318322,19.668306],[104.348268,19.692478],[104.377995,19.69638],[104.397871,19.698326],[104.41999,19.697412],[104.429256,19.672655],[104.444339,19.658435],[104.489125,19.654813],[104.504351,19.626732],[104.540426,19.617308],[104.570568,19.618039],[104.618728,19.628936],[104.645667,19.649105],[104.66406,19.681791],[104.683228,19.721874],[104.730778,19.75642],[104.765589,19.768716],[104.797886,19.79091],[104.836248,19.809989],[104.832168,19.854432],[104.843873,19.905324],[104.893686,19.959824],[104.927936,19.990347],[104.931131,19.990348]]]]}},{"type":"Feature","properties":{"code":"42","name":"Hà Tĩnh","full_name":"Tỉnh Hà Tĩnh"},"geometry":{"type":"MultiPolygon","coordinates":[[[[105.963551,18.79113],[105.956787,18.79531],[105.952208,18.803547],[105.951789,18.806116],[105.956834,18.803301],[105.961562,18.799281],[105.964008,18.793987],[105.963551,18.79113]]],[[[105.796778,18.66971],[105.80335,18.649335],[105.809224,18.633199],[105.81707,18.614821],[105.82764,18.593051],[105.84007,18.569476],[105.849925,18.552911],[105.85499,18.539927],[105.866546,18.528053],[105.917504,18.460936],[105.929196,18.456326],[105.934141,18.46743],[105.939261,18.472964],[105.940149,18.46794],[105.942472,18.453425],[105.967247,18.414827],[105.975005,18.404323],[105.989289,18.386258],[106.044329,18.323919],[106.086386,18.284692],[106.092373,18.280807],[106.107127,18.272843],[106.148859,18.268399],[106.207321,18.234354],[106.226059,18.224152],[106.237611,18.218346],[106.265836,18.196955],[106.276336,18.184391],[106.293095,18.166905],[106.336488,18.128487],[106.348023,18.119327],[106.358348,18.110631],[106.36863,18.108144],[106.377726,18.106143],[106.391649,18.099757],[106.405849,18.103899],[106.410603,18.122645],[106.419466,18.124263],[106.430235,18.123151],[106.421917,18.107855],[106.420252,18.095376],[106.424234,18.083834],[106.430083,18.070101],[106.44949,18.028041],[106.472018,17.996376],[106.480642,17.984622],[106.496007,17.965656],[106.505076,17.962514],[106.503644,17.962507],[106.494125,17.961601],[106.456538,17.95493],[106.392043,17.982271],[106.322743,17.965715],[106.282308,17.929286],[106.266578,17.919292],[106.212621,17.927814],[106.178281,17.920222],[106.043671,17.947385],[106.05353,17.97297],[106.065081,18.000096],[106.040342,18.027038],[106.005465,18.043384],[105.985414,18.063613],[105.960878,18.060405],[105.933581,18.085916],[105.908664,18.088619],[105.856429,18.06811],[105.826832,18.048166],[105.826898,18.032914],[105.817066,18.037716],[105.808781,18.028603],[105.771157,18.021618],[105.736576,18.03752],[105.719887,18.008106],[105.651564,17.994141],[105.640342,17.994745],[105.637371,17.994149],[105.627086,17.995356],[105.597295,18.005113],[105.577807,18.027733],[105.576285,18.062477],[105.538395,18.083313],[105.512924,18.125748],[105.506238,18.167378],[105.485249,18.182333],[105.482848,18.199443],[105.444435,18.200897],[105.425971,18.184034],[105.406952,18.155202],[105.375034,18.162831],[105.35071,18.184356],[105.319122,18.200261],[105.325436,18.241249],[105.301093,18.242435],[105.286096,18.256798],[105.271307,18.259742],[105.254696,18.273733],[105.207694,18.314476],[105.181624,18.365275],[105.163999,18.38831],[105.138307,18.415538],[105.109702,18.434797],[105.109335,18.488763],[105.11776,18.524507],[105.125809,18.554971],[105.134076,18.587249],[105.181215,18.603472],[105.234779,18.598389],[105.309596,18.606809],[105.403585,18.58618],[105.473761,18.610786],[105.511604,18.600483],[105.550257,18.556908],[105.584664,18.563333],[105.596674,18.577587],[105.613638,18.57837],[105.632102,18.572763],[105.672235,18.583012],[105.687449,18.606415],[105.710141,18.654951],[105.733794,18.671778],[105.763011,18.692288],[105.740802,18.74753],[105.77821,18.748289],[105.787248,18.715286],[105.790698,18.695921],[105.794598,18.67794],[105.796778,18.66971]]],[[[106.456874,18.101465],[106.451632,18.100822],[106.452156,18.103429],[106.458392,18.106297],[106.461722,18.107183],[106.460476,18.102129],[106.456874,18.101465]]]]}},{"type":"Feature","properties":{"code":"44","name":"Quảng Trị","full_name":"Tỉnh Quảng Trị"},"geometry":{"type":"MultiPolygon","coordinates":[[[[106.990758,17.164535],[107.024111,17.140679],[107.048741,17.123904],[107.108599,17.088451],[107.111749,17.056064],[107.109908,17.015289],[107.127662,16.982192],[107.144279,16.95829],[107.167542,16.930795],[107.188753,16.910108],[107.22059,16.877373],[107.237879,16.862367],[107.264055,16.839413],[107.289988,16.816974],[107.343093,16.773564],[107.382743,16.741265],[107.353491,16.698647],[107.332706,16.677171],[107.321986,16.670746],[107.329086,16.667307],[107.316634,16.663168],[107.322576,16.655352],[107.327296,16.644617],[107.316665,16.653401],[107.305453,16.639095],[107.311379,16.642456],[107.308525,16.626632],[107.319277,16.620566],[107.325065,16.604534],[107.327737,16.600053],[107.308338,16.582199],[107.246204,16.584003],[107.201653,16.583929],[107.119248,16.554542],[107.059836,16.544633],[107.084709,16.504591],[107.10114,16.495873],[107.131798,16.464651],[107.135064,16.445488],[107.145601,16.43857],[107.144328,16.424476],[107.13967,16.418893],[107.141092,16.41387],[107.140286,16.405334],[107.145447,16.38717],[107.138144,16.390603],[107.125697,16.383922],[107.10536,16.390793],[107.092779,16.405139],[107.085925,16.403382],[107.064209,16.408846],[107.059622,16.411466],[107.056658,16.40573],[107.05533,16.401842],[107.054907,16.399819],[107.056334,16.392974],[107.057962,16.388005],[107.050039,16.382509],[107.044136,16.381546],[107.037957,16.371744],[107.033132,16.362276],[107.034533,16.357972],[107.038879,16.353998],[107.039683,16.350414],[107.048874,16.350811],[107.052498,16.347793],[107.057391,16.348645],[107.059721,16.349026],[107.067168,16.328917],[107.07954,16.313435],[107.060976,16.305771],[107.026294,16.312227],[107.012325,16.310397],[106.964028,16.317522],[106.954778,16.358936],[106.910178,16.382519],[106.898386,16.42741],[106.872241,16.427066],[106.872858,16.438298],[106.885213,16.454567],[106.874467,16.471138],[106.885449,16.510593],[106.873356,16.533276],[106.840103,16.548839],[106.822109,16.53321],[106.809109,16.483677],[106.785619,16.474586],[106.772026,16.464338],[106.767744,16.43081],[106.743689,16.420834],[106.733614,16.422701],[106.732275,16.440724],[106.727998,16.430461],[106.714408,16.433817],[106.688246,16.439666],[106.690357,16.448621],[106.682539,16.458748],[106.67378,16.453503],[106.672762,16.473509],[106.661785,16.47382],[106.658719,16.495031],[106.650423,16.513362],[106.667745,16.559889],[106.662211,16.571109],[106.665201,16.585117],[106.651739,16.584969],[106.642586,16.594651],[106.62923,16.587493],[106.626135,16.583287],[106.623954,16.600161],[106.609694,16.607783],[106.584889,16.601868],[106.580134,16.611155],[106.588866,16.621493],[106.577225,16.631777],[106.572548,16.636702],[106.563909,16.649659],[106.56326,16.664159],[106.554319,16.6856],[106.541057,16.871872],[106.515869,16.893984],[106.517786,16.90476],[106.514636,16.9154],[106.517437,16.922608],[106.520328,16.922295],[106.523754,16.923349],[106.522778,16.926688],[106.533109,16.925395],[106.545311,16.927287],[106.548284,17.003984],[106.542236,16.99816],[106.532355,16.986661],[106.496901,16.98081],[106.461036,16.997747],[106.451196,16.998923],[106.432891,17.002848],[106.4015,17.051136],[106.40349,17.091573],[106.369222,17.123652],[106.353992,17.143184],[106.32401,17.185282],[106.311488,17.219804],[106.332107,17.23554],[106.311823,17.243636],[106.304218,17.265302],[106.273603,17.293793],[106.274056,17.262949],[106.249638,17.247143],[106.208852,17.269871],[106.16211,17.30144],[106.135138,17.329816],[106.087906,17.364367],[106.063765,17.391503],[106.032333,17.426919],[106.00456,17.458198],[105.980901,17.484866],[105.897772,17.578523],[105.879447,17.599176],[105.857784,17.623311],[105.853905,17.621677],[105.852143,17.631132],[105.842938,17.632422],[105.834026,17.631135],[105.8268,17.652034],[105.814922,17.645279],[105.804345,17.659564],[105.799848,17.658683],[105.796229,17.662141],[105.779863,17.67615],[105.761195,17.66834],[105.739324,17.721877],[105.726263,17.730043],[105.719761,17.751543],[105.681538,17.789136],[105.675573,17.836227],[105.63407,17.864739],[105.607056,17.891525],[105.636783,17.959817],[105.68394,17.993796],[105.718939,18.022485],[105.750111,18.032423],[105.776637,18.018314],[105.810053,18.035142],[105.818773,18.035198],[105.832689,18.040001],[105.81115,18.053969],[105.870836,18.068463],[105.916629,18.081442],[105.945983,18.070198],[105.9652,18.056747],[105.994327,18.05203],[106.014671,18.031733],[106.052183,18.015315],[106.075678,17.989638],[106.045525,17.964618],[106.057252,17.94168],[106.194811,17.91823],[106.235624,17.929171],[106.272889,17.920751],[106.282563,17.940549],[106.326177,17.976639],[106.442129,17.969146],[106.473157,17.956313],[106.5,17.962234],[106.506929,17.961009],[106.501951,17.95716],[106.507409,17.943394],[106.513277,17.942003],[106.5,17.925105],[106.481225,17.922199],[106.46714,17.900393],[106.454965,17.881867],[106.443852,17.855006],[106.452008,17.789423],[106.47191,17.738633],[106.493154,17.70287],[106.502008,17.678301],[106.523785,17.643783],[106.526334,17.634656],[106.540916,17.622526],[106.558091,17.593204],[106.581055,17.556065],[106.592738,17.537889],[106.610542,17.514094],[106.62377,17.496624],[106.631066,17.483531],[106.671833,17.430836],[106.739939,17.360307],[106.754157,17.343837],[106.764959,17.337253],[106.780769,17.322546],[106.799749,17.306915],[106.817768,17.292762],[106.84758,17.270526],[106.871767,17.252686],[106.905265,17.227203],[106.929984,17.207976],[106.95902,17.186627],[106.976525,17.174791],[106.988226,17.166193],[106.990758,17.164535]]],[[[107.341952,17.152027],[107.3314,17.156566],[107.34445,17.16215],[107.341952,17.152027]]]]}},{"type":"Feature","properties":{"code":"46","name":"Huế","full_name":"Thành phố Huế"},"geometry":{"type":"MultiPolygon","coordinates":[[[[108.192161,16.211152],[108.156887,16.207163],[108.137361,16.194736],[108.092761,16.183914],[108.072558,16.183772],[108.028279,16.193276],[107.989037,16.213495],[107.973785,16.201257],[107.954653,16.190442],[107.940272,16.195646],[107.913807,16.212579],[107.895978,16.208071],[107.874848,16.198474],[107.87048,16.178988],[107.857316,16.154583],[107.854228,16.115473],[107.810686,16.05388],[107.784238,16.068039],[107.773444,16.065148],[107.766757,16.052253],[107.743686,16.043298],[107.724591,16.013394],[107.681288,15.998357],[107.670701,16.008566],[107.659738,16.020141],[107.619254,16.03305],[107.623706,16.049075],[107.614712,16.064018],[107.572764,16.055475],[107.552485,16.040227],[107.557431,16.026026],[107.549323,16.015912],[107.518651,16.016076],[107.501556,16.03216],[107.485332,16.04128],[107.465868,16.026379],[107.449109,16.038531],[107.45573,16.082741],[107.429717,16.080044],[107.404037,16.082178],[107.372137,16.072224],[107.337157,16.056408],[107.321793,16.071023],[107.292212,16.10359],[107.263836,16.129488],[107.247821,16.140646],[107.24117,16.148304],[107.204784,16.146901],[107.173834,16.159525],[107.159815,16.168886],[107.147271,16.190898],[107.144025,16.212231],[107.145616,16.222831],[107.153493,16.233168],[107.151609,16.243371],[107.082642,16.313287],[107.077611,16.322969],[107.060066,16.345665],[107.058647,16.348403],[107.054172,16.348584],[107.049881,16.34993],[107.043616,16.349952],[107.039326,16.353152],[107.037115,16.357889],[107.033303,16.36153],[107.036685,16.371237],[107.042842,16.379919],[107.048526,16.383182],[107.057981,16.386251],[107.056056,16.390561],[107.056387,16.39907],[107.054578,16.401524],[107.056835,16.405354],[107.058363,16.409588],[107.062531,16.411622],[107.081144,16.403816],[107.09226,16.40456],[107.102928,16.394062],[107.121346,16.386912],[107.13611,16.389563],[107.14398,16.388044],[107.144288,16.399511],[107.141517,16.412139],[107.138868,16.416902],[107.142959,16.420747],[107.146612,16.434674],[107.136053,16.44361],[107.133712,16.456222],[107.103906,16.495609],[107.092629,16.502274],[107.059133,16.537144],[107.093396,16.551257],[107.184737,16.580737],[107.243221,16.587658],[107.29758,16.585259],[107.322272,16.59703],[107.328193,16.603377],[107.321465,16.615587],[107.3105,16.624655],[107.313479,16.641629],[107.308091,16.636734],[107.315233,16.652258],[107.324278,16.643783],[107.324167,16.654638],[107.317139,16.660502],[107.326458,16.66585],[107.324312,16.669286],[107.331491,16.676416],[107.34919,16.697296],[107.350026,16.709122],[107.413541,16.722886],[107.469501,16.678921],[107.530864,16.631781],[107.577602,16.598722],[107.629805,16.572212],[107.658839,16.556282],[107.703362,16.528778],[107.751453,16.49199],[107.765931,16.480837],[107.786935,16.463894],[107.806762,16.446669],[107.828925,16.426924],[107.84032,16.416643],[107.855084,16.403318],[107.866492,16.393521],[107.897678,16.367811],[107.906264,16.365803],[107.920515,16.354042],[107.930957,16.343843],[107.943061,16.34248],[107.943384,16.347493],[107.953386,16.345207],[107.971409,16.321116],[107.984851,16.315762],[107.986513,16.315535],[107.987844,16.315265],[107.989534,16.315015],[107.994875,16.314113],[107.998914,16.313549],[108.013738,16.316608],[108.019813,16.331853],[108.02157,16.344194],[108.032574,16.331298],[108.040257,16.316177],[108.04138,16.299679],[108.061044,16.26889],[108.082842,16.237217],[108.109349,16.219026],[108.133877,16.216372],[108.151768,16.218989],[108.18208,16.21407],[108.192161,16.211152]]]]}},{"type":"Feature","properties":{"code":"48","name":"Đà Nẵng","full_name":"Thành phố Đà Nẵng"},"geometry":{"type":"MultiPolygon","coordinates":[[[[108.695779,15.812652],[108.689258,15.816369],[108.695779,15.812652],[108.695779,15.812652]]],[[[108.541003,15.904834],[108.534407,15.90328],[108.531847,15.909008],[108.540262,15.915147],[108.539553,15.911091],[108.541003,15.904834]]],[[[108.477863,15.93939],[108.480282,15.949639],[108.479815,15.941238],[108.477863,15.93939]]],[[[108.445935,15.968647],[108.442626,15.975139],[108.449963,15.975364],[108.445935,15.968647]]],[[[108.523264,15.96136],[108.536399,15.940945],[108.538313,15.924499],[108.524422,15.933018],[108.505643,15.957169],[108.49521,15.960035],[108.484218,15.963987],[108.490312,15.972393],[108.508879,15.974316],[108.523264,15.96136]]],[[[107.917117,16.208723],[107.943515,16.194613],[107.958204,16.192206],[107.977549,16.206484],[108.000354,16.207035],[108.054964,16.180705],[108.085831,16.182919],[108.098881,16.187688],[108.143864,16.200548],[108.170623,16.204211],[108.192516,16.209816],[108.176266,16.200625],[108.151835,16.183796],[108.147367,16.161734],[108.134931,16.15755],[108.136131,16.145198],[108.127986,16.142563],[108.121228,16.136548],[108.126037,16.12216],[108.150708,16.092037],[108.198377,16.07448],[108.215741,16.094669],[108.222798,16.109424],[108.232605,16.103614],[108.233568,16.095029],[108.240553,16.105669],[108.224612,16.118265],[108.212699,16.121346],[108.227958,16.140464],[108.246229,16.155984],[108.268818,16.136429],[108.279095,16.137865],[108.29831,16.126529],[108.311347,16.141724],[108.320005,16.14261],[108.328555,16.118296],[108.308344,16.10019],[108.298905,16.102984],[108.275095,16.098733],[108.254914,16.101234],[108.245806,16.057816],[108.269635,16.000012],[108.297035,15.953224],[108.39068,15.87847],[108.39828,15.872892],[108.40907,15.823805],[108.441572,15.757654],[108.502775,15.66026],[108.530468,15.619472],[108.564096,15.575477],[108.601177,15.53142],[108.647955,15.499488],[108.671935,15.504742],[108.679561,15.506848],[108.676437,15.481021],[108.68446,15.486968],[108.698565,15.459744],[108.736917,15.398486],[108.685261,15.369072],[108.660279,15.369271],[108.612665,15.354811],[108.591422,15.347599],[108.572615,15.343046],[108.526227,15.323069],[108.496446,15.323294],[108.449361,15.311005],[108.424511,15.31673],[108.400802,15.301968],[108.315339,15.300858],[108.298591,15.285855],[108.289579,15.24887],[108.286576,15.234218],[108.298931,15.228631],[108.29056,15.202366],[108.299672,15.186257],[108.301497,15.172608],[108.272521,15.131369],[108.257357,15.096262],[108.236273,15.04792],[108.211134,15.033812],[108.189952,15.048886],[108.160863,15.061874],[108.147132,15.042217],[108.151565,15.000046],[108.159295,14.978275],[108.125893,14.961162],[108.08595,14.95639],[108.050217,14.987074],[108.022469,14.999732],[108.005817,15.001022],[107.998062,15.002521],[107.981392,15.009307],[107.964408,15.021527],[107.957021,15.040543],[107.974655,15.071903],[107.978157,15.087255],[107.986889,15.097032],[108.000431,15.119948],[107.998532,15.123886],[107.999736,15.136657],[107.982611,15.163173],[107.944354,15.189205],[107.927693,15.209984],[107.90617,15.207639],[107.888672,15.195208],[107.859334,15.211089],[107.836559,15.208675],[107.816961,15.217202],[107.802593,15.214262],[107.776237,15.221881],[107.765913,15.235677],[107.751035,15.233432],[107.731989,15.253018],[107.725808,15.290163],[107.728258,15.306021],[107.695929,15.314662],[107.643618,15.404651],[107.608149,15.419538],[107.599851,15.418082],[107.571062,15.398971],[107.53906,15.406242],[107.51647,15.419543],[107.518837,15.459008],[107.489183,15.480092],[107.475709,15.479659],[107.477992,15.483448],[107.478842,15.49272],[107.444297,15.504082],[107.430024,15.494442],[107.406224,15.495175],[107.379903,15.494657],[107.374153,15.521351],[107.367303,15.542935],[107.357314,15.573208],[107.351543,15.593055],[107.340687,15.614962],[107.296703,15.625036],[107.273322,15.654309],[107.266335,15.670243],[107.27412,15.685285],[107.273413,15.694293],[107.257774,15.722116],[107.2506,15.734723],[107.240957,15.746222],[107.210212,15.748115],[107.216437,15.769653],[107.224308,15.798472],[107.211582,15.825627],[107.224836,15.837352],[107.239194,15.84177],[107.260468,15.851164],[107.274922,15.862448],[107.287077,15.863905],[107.314014,15.883387],[107.355103,15.893328],[107.372805,15.896474],[107.395052,15.894763],[107.413479,15.913179],[107.426612,15.932569],[107.43337,15.962295],[107.446126,15.990978],[107.454015,16.005657],[107.476469,16.036478],[107.495165,16.03923],[107.505006,16.022323],[107.527405,16.016499],[107.552801,16.015802],[107.558759,16.031023],[107.551282,16.045235],[107.582887,16.057165],[107.61918,16.063457],[107.621117,16.04428],[107.634482,16.03018],[107.664061,16.01734],[107.67372,16.006026],[107.705784,15.997503],[107.72532,16.025059],[107.753736,16.044246],[107.768614,16.055639],[107.774634,16.066373],[107.793997,16.063513],[107.816832,16.058431],[107.855547,16.130857],[107.869441,16.158526],[107.865604,16.184927],[107.885576,16.201626],[107.907366,16.216019],[107.917117,16.208723],[107.917117,16.208723]]],[[[108.206125,16.213129],[108.202445,16.212252],[108.19833,16.21282],[108.198091,16.218102],[108.198656,16.222363],[108.200837,16.225798],[108.206027,16.224889],[108.208428,16.219751],[108.206125,16.213129]]]]}},{"type":"Feature","properties":{"code":"51","name":"Quảng Ngãi","full_name":"Tỉnh Quảng Ngãi"},"geometry":{"type":"MultiPolygon","coordinates":[[[[109.121946,15.391801],[109.140908,15.388512],[109.139167,15.37995],[109.126705,15.37458],[109.107663,15.374111],[109.092693,15.382773],[109.095606,15.387631],[109.106029,15.392083],[109.121946,15.391801]]],[[[108.81156,15.412999],[108.817433,15.418464],[108.822536,15.414426],[108.822227,15.407032],[108.824283,15.401678],[108.829703,15.39856],[108.828242,15.388482],[108.825505,15.378297],[108.83919,15.358361],[108.862842,15.352447],[108.867106,15.349077],[108.862406,15.338102],[108.870876,15.331299],[108.878956,15.320203],[108.874468,15.287441],[108.886722,15.270079],[108.900875,15.254208],[108.917423,15.245076],[108.924468,15.249739],[108.935449,15.247074],[108.940291,15.234095],[108.935437,15.2261],[108.92073,15.215206],[108.920576,15.205348],[108.913603,15.205494],[108.900968,15.20401],[108.894684,15.196484],[108.89275,15.17337],[108.896724,15.151112],[108.901464,15.096886],[108.91933,15.009935],[108.984606,14.852709],[108.998976,14.81973],[109.028397,14.772746],[109.040894,14.754066],[109.064783,14.718324],[109.071976,14.696485],[109.076102,14.666742],[109.071347,14.668778],[109.071836,14.673325],[109.068257,14.674845],[109.067741,14.629938],[109.075133,14.590866],[109.080386,14.579211],[109.058724,14.592104],[109.044445,14.619607],[109.036087,14.641473],[109.027173,14.647639],[109.014404,14.667119],[108.992499,14.674841],[108.974247,14.673379],[108.955441,14.685021],[108.945413,14.689722],[108.938839,14.694773],[108.927591,14.7022],[108.917949,14.696963],[108.891276,14.687228],[108.853192,14.692942],[108.840151,14.694102],[108.822776,14.677372],[108.760174,14.67038],[108.763684,14.630689],[108.736255,14.590367],[108.699936,14.613372],[108.674307,14.591418],[108.63867,14.566878],[108.635832,14.550981],[108.626204,14.550771],[108.618932,14.543967],[108.610075,14.53576],[108.594405,14.550837],[108.591451,14.566622],[108.571237,14.575913],[108.561289,14.58531],[108.544879,14.590171],[108.527764,14.560695],[108.49677,14.54555],[108.432814,14.560966],[108.387493,14.602885],[108.368697,14.595736],[108.355485,14.57889],[108.370578,14.545056],[108.35088,14.484784],[108.322412,14.455012],[108.30365,14.424662],[108.248886,14.395079],[108.152282,14.35022],[108.144271,14.348852],[108.144347,14.356597],[108.138228,14.360982],[108.124251,14.358076],[108.107173,14.355069],[108.106864,14.342231],[108.083824,14.326064],[108.042823,14.27734],[107.995921,14.245989],[107.980001,14.244182],[107.970527,14.237843],[107.958148,14.229266],[107.954005,14.233067],[107.946948,14.243257],[107.942022,14.242606],[107.935178,14.241604],[107.929383,14.244307],[107.879001,14.283464],[107.836921,14.253942],[107.828428,14.233502],[107.827592,14.233069],[107.82664,14.232254],[107.825921,14.231298],[107.824428,14.228774],[107.823567,14.227614],[107.822462,14.226493],[107.820345,14.224653],[107.819649,14.223813],[107.819162,14.222752],[107.818698,14.220486],[107.818257,14.218782],[107.817711,14.217639],[107.817182,14.21692],[107.816544,14.216302],[107.815792,14.215799],[107.814702,14.215343],[107.810613,14.214278],[107.808961,14.213974],[107.807371,14.213892],[107.805941,14.214087],[107.804811,14.214496],[107.803665,14.21518],[107.80046,14.217899],[107.798638,14.219373],[107.797079,14.220376],[107.795487,14.22119],[107.793897,14.221774],[107.792021,14.222133],[107.789622,14.222347],[107.775866,14.222801],[107.765126,14.213774],[107.754143,14.205644],[107.729689,14.21347],[107.697948,14.218457],[107.684703,14.217177],[107.67759,14.199185],[107.670697,14.180754],[107.659363,14.168614],[107.659793,14.153673],[107.659514,14.129703],[107.653156,14.105054],[107.649576,14.095936],[107.653976,14.08562],[107.647703,14.06984],[107.636684,14.058247],[107.625636,14.056116],[107.590841,14.026421],[107.493918,13.968989],[107.470458,13.956035],[107.467896,13.944224],[107.464662,13.93492],[107.451605,13.93346],[107.442971,13.991023],[107.429192,13.994882],[107.421233,13.996958],[107.403066,13.990115],[107.364909,14.012865],[107.36362,14.045874],[107.374224,14.065512],[107.377054,14.082525],[107.355441,14.090394],[107.337615,14.098097],[107.338512,14.133989],[107.353909,14.156986],[107.373371,14.179762],[107.381355,14.196809],[107.388889,14.211119],[107.393462,14.222525],[107.404145,14.234333],[107.397708,14.249436],[107.406918,14.264651],[107.40531,14.297781],[107.38999,14.328079],[107.408457,14.355266],[107.418809,14.369282],[107.4309,14.386531],[107.422411,14.405243],[107.4289,14.415788],[107.4549,14.420482],[107.464997,14.405708],[107.475702,14.40595],[107.48806,14.416207],[107.494696,14.439796],[107.498505,14.468287],[107.506781,14.506864],[107.51968,14.52133],[107.530213,14.556264],[107.521924,14.574417],[107.515359,14.588094],[107.536519,14.604031],[107.538508,14.620514],[107.549791,14.649582],[107.54976,14.664534],[107.548602,14.680524],[107.553961,14.710711],[107.550541,14.722366],[107.533237,14.725591],[107.538081,14.747737],[107.512175,14.786311],[107.516407,14.803083],[107.520448,14.81259],[107.539031,14.826889],[107.564313,14.84723],[107.588121,14.875539],[107.572144,14.892621],[107.537087,14.910231],[107.528067,14.92928],[107.481042,14.952817],[107.479209,14.973059],[107.467423,15.011193],[107.491258,15.023712],[107.52273,15.04041],[107.547269,15.047424],[107.565311,15.035635],[107.576825,15.029761],[107.591125,15.049908],[107.618999,15.053126],[107.608851,15.100725],[107.62113,15.110336],[107.605966,15.13375],[107.622147,15.138357],[107.621344,15.144592],[107.613743,15.158959],[107.586454,15.197541],[107.591591,15.208086],[107.597473,15.207332],[107.607269,15.210685],[107.617947,15.212842],[107.617601,15.220009],[107.631097,15.230682],[107.624282,15.231763],[107.617628,15.246719],[107.614334,15.281264],[107.626287,15.311744],[107.627209,15.326983],[107.603358,15.351626],[107.597168,15.378454],[107.615461,15.406588],[107.639064,15.409784],[107.694687,15.315845],[107.728982,15.307159],[107.725826,15.291617],[107.731676,15.254169],[107.749553,15.232494],[107.765076,15.235978],[107.776113,15.221989],[107.799922,15.215411],[107.81685,15.21724],[107.835926,15.208253],[107.852638,15.210862],[107.887722,15.194944],[107.90593,15.207613],[107.925949,15.21046],[107.939791,15.191044],[107.980926,15.166512],[108.001989,15.141197],[107.997407,15.125413],[108.000448,15.119965],[107.986799,15.09763],[107.97917,15.088496],[107.974565,15.073284],[107.957511,15.042042],[107.963502,15.022504],[107.981174,15.010054],[107.997492,15.002308],[108.005567,15.001303],[108.021818,15.000013],[108.050215,14.987077],[108.084763,14.957436],[108.12153,14.961337],[108.160095,14.97635],[108.151565,15.000046],[108.148612,15.039768],[108.160458,15.061923],[108.187465,15.052034],[108.206989,15.03684],[108.239261,15.045218],[108.25456,15.09057],[108.272294,15.130789],[108.300074,15.172171],[108.298852,15.185696],[108.290282,15.202191],[108.302367,15.227926],[108.286575,15.233594],[108.288611,15.247544],[108.297903,15.281904],[108.312049,15.297026],[108.397896,15.300946],[108.422191,15.314903],[108.437693,15.312757],[108.495435,15.320295],[108.524784,15.321632],[108.569787,15.341519],[108.590013,15.347891],[108.609694,15.354028],[108.656816,15.369402],[108.682168,15.368842],[108.735617,15.396503],[108.767594,15.389002],[108.776138,15.392589],[108.806389,15.406286],[108.801091,15.409721],[108.794412,15.423056],[108.797526,15.424974],[108.81156,15.412999]]],[[[109.078713,15.42695],[109.076685,15.431514],[109.080613,15.433333],[109.080703,15.427167],[109.078713,15.42695]]]]}},{"type":"Feature","properties":{"code":"52","name":"Gia Lai","full_name":"Tỉnh Gia Lai"},"geometry":{"type":"MultiPolygon","coordinates":[[[[108.399361,14.600908],[108.477703,14.546882],[108.511953,14.552496],[108.538995,14.583569],[108.549605,14.586268],[108.567051,14.580815],[108.580579,14.570178],[108.593525,14.561948],[108.604593,14.535475],[108.616285,14.538146],[108.625381,14.545434],[108.628098,14.553136],[108.640435,14.549466],[108.662012,14.579187],[108.689702,14.594654],[108.70598,14.613958],[108.760215,14.600336],[108.760072,14.662651],[108.774347,14.67561],[108.835765,14.694544],[108.846496,14.683466],[108.882245,14.684558],[108.904125,14.690169],[108.924172,14.702293],[108.926883,14.698754],[108.941576,14.690438],[108.948538,14.686999],[108.968651,14.67945],[108.978662,14.672249],[109.000077,14.669715],[109.018001,14.660833],[109.035031,14.646408],[109.043567,14.627606],[109.046649,14.607499],[109.068113,14.586558],[109.078761,14.579293],[109.068684,14.577878],[109.071259,14.543995],[109.091466,14.485633],[109.118709,14.451788],[109.113351,14.42673],[109.120262,14.402376],[109.125937,14.395807],[109.120708,14.388804],[109.121089,14.373006],[109.174842,14.290405],[109.178597,14.27824],[109.19372,14.239874],[109.189246,14.228908],[109.179091,14.2192],[109.215837,14.143153],[109.225691,14.137206],[109.206769,14.127444],[109.208798,14.093295],[109.229838,14.050752],[109.251746,14.018606],[109.247147,14.000376],[109.251634,13.995795],[109.255088,13.989095],[109.251509,13.985686],[109.24732,13.982963],[109.248201,13.976939],[109.25488,13.961273],[109.244577,13.959303],[109.240457,13.95569],[109.240353,13.948676],[109.244276,13.935857],[109.248472,13.927099],[109.259004,13.909671],[109.267373,13.898916],[109.282742,13.887736],[109.291109,13.896237],[109.295317,13.882937],[109.29277,13.878349],[109.291177,13.854448],[109.296653,13.839925],[109.285052,13.810757],[109.289778,13.78602],[109.28699,13.75572],[109.279401,13.763295],[109.265795,13.758629],[109.249092,13.76262],[109.237578,13.772464],[109.217314,13.757711],[109.213221,13.747543],[109.216057,13.717442],[109.223643,13.698758],[109.232456,13.675634],[109.214292,13.682623],[109.202662,13.688428],[109.179125,13.684041],[109.149796,13.658087],[109.143582,13.631886],[109.118162,13.64262],[109.116097,13.619092],[109.116547,13.587537],[109.096964,13.579553],[109.034988,13.546196],[108.992162,13.526963],[108.904674,13.540677],[108.85418,13.561159],[108.823584,13.567454],[108.797777,13.578586],[108.76722,13.563619],[108.764764,13.562304],[108.749907,13.566131],[108.746911,13.567366],[108.745919,13.566133],[108.728574,13.524406],[108.703065,13.488411],[108.711473,13.467485],[108.742207,13.458284],[108.775837,13.467956],[108.800061,13.444356],[108.805835,13.368609],[108.849548,13.300763],[108.870583,13.279941],[108.869066,13.253254],[108.859048,13.225376],[108.850852,13.220353],[108.849443,13.214136],[108.852102,13.193127],[108.828209,13.163994],[108.79917,13.152832],[108.787511,13.145797],[108.761545,13.135287],[108.758055,13.128772],[108.746283,13.091147],[108.752702,13.049785],[108.752286,13.035554],[108.732227,13.025885],[108.691152,13.017623],[108.687376,13.009902],[108.681207,13.002507],[108.680027,13.000021],[108.672556,12.998692],[108.636725,13.011701],[108.598997,13.01907],[108.595984,13.024846],[108.588128,13.030331],[108.568207,13.021913],[108.564276,13.021051],[108.538955,13.031945],[108.51465,13.037893],[108.509319,13.078142],[108.46086,13.119585],[108.456001,13.127594],[108.456055,13.130435],[108.446549,13.173492],[108.430568,13.186341],[108.421907,13.200466],[108.418706,13.22727],[108.404756,13.260192],[108.387175,13.257825],[108.368792,13.293564],[108.351568,13.330153],[108.347897,13.332336],[108.34039,13.340021],[108.293169,13.352736],[108.275612,13.363408],[108.239358,13.370485],[108.212136,13.36992],[108.20353,13.37458],[108.157869,13.4005],[108.093781,13.410309],[108.068719,13.404884],[108.014079,13.38523],[107.999405,13.387107],[107.996477,13.390666],[107.987474,13.39316],[107.980722,13.393668],[107.978438,13.390593],[107.979733,13.385593],[107.97289,13.382991],[107.958941,13.381374],[107.930705,13.377151],[107.90215,13.389438],[107.885832,13.387944],[107.874863,13.394343],[107.813444,13.394378],[107.791668,13.383996],[107.769355,13.368926],[107.754514,13.364887],[107.730453,13.366736],[107.70692,13.372101],[107.702057,13.376227],[107.693142,13.372699],[107.671251,13.357622],[107.653392,13.343541],[107.647377,13.327616],[107.641384,13.323417],[107.617131,13.314193],[107.613324,13.311137],[107.612934,13.308917],[107.583835,13.595352],[107.448344,13.794878],[107.459307,13.818977],[107.455634,13.832722],[107.471057,13.857175],[107.453109,13.874987],[107.4681,13.890765],[107.469773,13.913475],[107.456074,13.924712],[107.466089,13.936228],[107.46777,13.948056],[107.473668,13.958155],[107.516515,13.989659],[107.597092,14.038005],[107.628011,14.055351],[107.639992,14.060852],[107.648734,14.073035],[107.654045,14.087532],[107.649205,14.097901],[107.654457,14.107274],[107.661137,14.136014],[107.658769,14.158203],[107.661327,14.170797],[107.67211,14.183354],[107.678751,14.20342],[107.686059,14.218173],[107.702228,14.217805],[107.738131,14.210268],[107.756335,14.206099],[107.766162,14.214938],[107.778254,14.223491],[107.790001,14.222279],[107.79245,14.222078],[107.794232,14.221673],[107.795788,14.221052],[107.797401,14.220187],[107.798935,14.219155],[107.801997,14.216531],[107.8039,14.21502],[107.805042,14.214391],[107.806209,14.214027],[107.80765,14.213887],[107.809303,14.214022],[107.810959,14.214361],[107.815031,14.215458],[107.815974,14.215902],[107.816687,14.216423],[107.817288,14.217046],[107.817796,14.21778],[107.818363,14.219096],[107.818865,14.221432],[107.819227,14.222946],[107.81979,14.224016],[107.820545,14.224847],[107.822735,14.226744],[107.823731,14.227812],[107.824638,14.229103],[107.826047,14.23149],[107.826795,14.232417],[107.827752,14.233169],[107.8287,14.233603],[107.843962,14.273803],[107.898868,14.277662],[107.929706,14.243943],[107.93615,14.241464],[107.944215,14.243745],[107.947323,14.24298],[107.955872,14.230898],[107.95975,14.229538],[107.971348,14.238551],[107.980418,14.244329],[108,14.244477],[108.058668,14.268091],[108.077667,14.32919],[108.110583,14.347026],[108.110002,14.359089],[108.126319,14.357599],[108.141105,14.360558],[108.141289,14.355261],[108.144967,14.348652],[108.15907,14.363451],[108.271694,14.388255],[108.312063,14.43496],[108.323838,14.457701],[108.359188,14.493228],[108.365081,14.559331],[108.357122,14.584295],[108.37202,14.600668],[108.388904,14.60325],[108.399361,14.600908]]]]}},{"type":"Feature","properties":{"code":"56","name":"Khánh Hoà","full_name":"Tỉnh Khánh Hoà"},"geometry":{"type":"MultiPolygon","coordinates":[[[[109.235928,11.842431],[109.241019,11.851202],[109.248438,11.835319],[109.227137,11.832939],[109.22212,11.844871],[109.219534,11.852707],[109.235928,11.842431]]],[[[109.320589,12.003989],[109.320589,12.003989],[109.320589,12.003989]]],[[[109.323936,12.034848],[109.323174,12.046191],[109.326008,12.044134],[109.323936,12.034848]]],[[[109.3067,12.170294],[109.315568,12.165093],[109.310129,12.164528],[109.306537,12.166725],[109.300456,12.164528],[109.294963,12.170657],[109.3067,12.170294],[109.3067,12.170294]]],[[[109.248632,12.170135],[109.23314,12.177846],[109.238889,12.180624],[109.24935,12.173367],[109.248632,12.170135]]],[[[109.272345,12.174545],[109.27051,12.182946],[109.275603,12.176532],[109.272345,12.174545]]],[[[109.227151,12.195377],[109.232421,12.195451],[109.224279,12.187555],[109.221,12.188418],[109.218456,12.19425],[109.226505,12.195426],[109.227151,12.195377]]],[[[109.278257,12.228707],[109.290618,12.231558],[109.296692,12.225311],[109.303887,12.214638],[109.314992,12.228609],[109.324552,12.222513],[109.329718,12.217666],[109.326286,12.202495],[109.334081,12.195305],[109.324391,12.191702],[109.315137,12.187072],[109.32238,12.193219],[109.308482,12.191183],[109.297704,12.193339],[109.301623,12.203388],[109.289084,12.197121],[109.293179,12.182383],[109.274728,12.185377],[109.269263,12.195974],[109.250876,12.205736],[109.240182,12.213023],[109.23725,12.224806],[109.229304,12.230131],[109.241717,12.232839],[109.245444,12.223487],[109.249857,12.225682],[109.258978,12.22746],[109.263833,12.237373],[109.271149,12.232849],[109.278257,12.228707]]],[[[109.359141,12.267488],[109.357955,12.275319],[109.359953,12.267508],[109.359141,12.267488]]],[[[109.367934,12.28016],[109.369769,12.285148],[109.367934,12.28016]]],[[[109.213577,12.358641],[109.214725,12.363106],[109.213577,12.358641]]],[[[109.377532,12.357477],[109.366372,12.368287],[109.378151,12.358041],[109.377532,12.357477]]],[[[109.233357,12.382309],[109.224355,12.394417],[109.231972,12.396876],[109.235857,12.383922],[109.233357,12.382309]]],[[[109.358183,12.483695],[109.351075,12.479117],[109.3501,12.480771],[109.34553,12.484807],[109.344631,12.487025],[109.344669,12.489934],[109.351848,12.488216],[109.358183,12.483695]]],[[[109.296976,12.486726],[109.290841,12.491567],[109.310993,12.496487],[109.296976,12.486726]]],[[[109.296894,12.634299],[109.302184,12.637765],[109.296894,12.634299],[109.296894,12.634299]]],[[[109.345573,12.627304],[109.356675,12.629422],[109.371917,12.629659],[109.384087,12.61108],[109.392175,12.596781],[109.39639,12.581776],[109.41046,12.55869],[109.39824,12.549942],[109.383676,12.564467],[109.367926,12.571578],[109.344416,12.588515],[109.337035,12.604209],[109.326022,12.610463],[109.315138,12.605842],[109.301228,12.623118],[109.316207,12.640138],[109.340053,12.634005],[109.345573,12.627304]]],[[[109.34819,12.651692],[109.344909,12.64317],[109.338673,12.645945],[109.339116,12.652109],[109.347475,12.652993],[109.34819,12.651692]]],[[[109.401656,12.651075],[109.401737,12.648669],[109.400652,12.64528],[109.394868,12.647777],[109.39748,12.654716],[109.401656,12.651075]]],[[[109.296522,12.712891],[109.292942,12.715704],[109.294956,12.719998],[109.299705,12.722661],[109.305444,12.724722],[109.309238,12.723152],[109.307046,12.719753],[109.302905,12.716501],[109.300575,12.714229],[109.296522,12.712891],[109.296522,12.712891]]],[[[109.329162,12.736854],[109.326568,12.738144],[109.326509,12.742044],[109.330756,12.744823],[109.334363,12.741823],[109.333763,12.738753],[109.329162,12.736854]]],[[[109.390497,12.82778],[109.391473,12.835278],[109.393997,12.83113],[109.390497,12.82778]]],[[[109.378483,12.848951],[109.378169,12.839331],[109.369752,12.837651],[109.362923,12.837342],[109.35878,12.832503],[109.356737,12.828102],[109.354789,12.819621],[109.359709,12.814719],[109.358455,12.792252],[109.361501,12.781626],[109.365253,12.772304],[109.373729,12.752093],[109.379839,12.739325],[109.387791,12.72486],[109.393354,12.715462],[109.400069,12.705209],[109.404202,12.701719],[109.414401,12.702359],[109.409007,12.694887],[109.410132,12.690551],[109.415404,12.682456],[109.421698,12.673482],[109.426029,12.669418],[109.430645,12.668937],[109.435247,12.67041],[109.438632,12.669662],[109.441016,12.665971],[109.445206,12.667421],[109.448962,12.668797],[109.45236,12.666727],[109.456285,12.658045],[109.458708,12.648758],[109.442394,12.648794],[109.435298,12.632382],[109.432403,12.612169],[109.427494,12.60147],[109.431441,12.595996],[109.434804,12.590305],[109.438602,12.574814],[109.430054,12.564195],[109.415663,12.577475],[109.413398,12.602002],[109.407697,12.604661],[109.397982,12.606983],[109.391049,12.6246],[109.388201,12.630391],[109.396856,12.633558],[109.403946,12.635283],[109.40797,12.637862],[109.410929,12.655485],[109.405575,12.66605],[109.401021,12.67038],[109.394983,12.682129],[109.392306,12.67389],[109.386417,12.67154],[109.370831,12.674782],[109.364585,12.666187],[109.368015,12.656645],[109.363514,12.655164],[109.3657,12.646997],[109.360577,12.64502],[109.35267,12.659305],[109.34027,12.658787],[109.336629,12.665325],[109.341197,12.668158],[109.343786,12.672607],[109.345195,12.677352],[109.346616,12.683628],[109.348767,12.68844],[109.351796,12.693261],[109.355301,12.692659],[109.357977,12.6892],[109.362191,12.689119],[109.366405,12.692159],[109.368877,12.696728],[109.370316,12.70225],[109.374464,12.706168],[109.377765,12.710443],[109.377571,12.715351],[109.374013,12.718857],[109.371387,12.722868],[109.368652,12.728563],[109.365288,12.735435],[109.361181,12.74311],[109.354268,12.75772],[109.351527,12.768314],[109.352813,12.784565],[109.349463,12.796875],[109.344247,12.799086],[109.336277,12.798146],[109.329709,12.793712],[109.328048,12.789571],[109.327992,12.779217],[109.324474,12.769384],[109.317142,12.766636],[109.312267,12.764839],[109.303353,12.761428],[109.291481,12.746985],[109.277712,12.731446],[109.262749,12.716427],[109.248755,12.702992],[109.243512,12.704457],[109.239029,12.70288],[109.208539,12.66697],[109.209736,12.64767],[109.190162,12.637149],[109.197371,12.621921],[109.201273,12.612129],[109.200216,12.60235],[109.199799,12.589798],[109.196793,12.570825],[109.205097,12.571686],[109.214456,12.57663],[109.220855,12.572774],[109.227822,12.579684],[109.220227,12.57563],[109.224429,12.590127],[109.23184,12.592937],[109.241401,12.58719],[109.241923,12.575715],[109.22946,12.557572],[109.232883,12.523359],[109.237177,12.510197],[109.244702,12.509467],[109.261436,12.498162],[109.279345,12.49023],[109.291325,12.480805],[109.292978,12.472658],[109.291535,12.464407],[109.286167,12.457519],[109.284709,12.447317],[109.291639,12.42382],[109.300056,12.420235],[109.316326,12.418793],[109.323977,12.412915],[109.334143,12.409037],[109.335422,12.389974],[109.323907,12.385233],[109.328238,12.379117],[109.323455,12.375096],[109.317649,12.383829],[109.312842,12.388707],[109.304538,12.386089],[109.2956,12.352124],[109.277363,12.355057],[109.264274,12.359677],[109.260111,12.379502],[109.22291,12.41957],[109.193343,12.442855],[109.174624,12.454689],[109.160931,12.451874],[109.160812,12.44075],[109.16055,12.434037],[109.149486,12.42784],[109.157516,12.420311],[109.174297,12.406557],[109.196588,12.399404],[109.196093,12.382608],[109.198086,12.348536],[109.204262,12.334976],[109.220038,12.321598],[109.236633,12.300978],[109.204652,12.290672],[109.203407,12.267762],[109.194906,12.239926],[109.214584,12.206104],[109.207461,12.183844],[109.200557,12.17418],[109.200952,12.163235],[109.220854,12.151655],[109.215806,12.140812],[109.21107,12.132015],[109.20932,12.123325],[109.197817,12.119471],[109.192646,12.111918],[109.192663,12.094155],[109.195671,12.07902],[109.200218,12.063765],[109.209272,12.045392],[109.216668,12.028987],[109.25237,11.980997],[109.270156,11.969241],[109.268231,11.957137],[109.277505,11.95192],[109.2809,11.949045],[109.274295,11.945299],[109.257379,11.921685],[109.275975,11.883145],[109.273255,11.871855],[109.256417,11.865398],[109.245731,11.860452],[109.238375,11.872038],[109.214853,11.883662],[109.205052,11.895313],[109.207987,11.915283],[109.206215,11.925481],[109.211381,11.931777],[109.205514,11.951793],[109.212017,11.957077],[109.212087,11.97587],[109.201308,11.981054],[109.189835,11.959247],[109.161775,11.918922],[109.155831,11.911075],[109.139842,11.906332],[109.126246,11.901083],[109.121128,11.887012],[109.114699,11.871665],[109.142368,11.821632],[109.16165,11.853945],[109.170679,11.861308],[109.184327,11.875656],[109.186631,11.868528],[109.176197,11.847476],[109.184428,11.810746],[109.212074,11.762444],[109.220081,11.749162],[109.228369,11.747415],[109.22635,11.722475],[109.206143,11.718513],[109.199196,11.708862],[109.17142,11.657261],[109.163393,11.62432],[109.130136,11.580799],[109.103995,11.58075],[109.048513,11.589224],[109.02678,11.555351],[109.025982,11.536332],[109.009956,11.499995],[109.010934,11.486225],[109.012355,11.475929],[109.011562,11.46183],[109.010153,11.452035],[109.005956,11.444078],[109.009971,11.438951],[109.011387,11.429201],[109.010576,11.419551],[109.004345,11.40579],[109.006668,11.383039],[109.018673,11.368664],[109.013997,11.358494],[108.992425,11.350227],[108.959572,11.317063],[108.902122,11.325419],[108.867129,11.330534],[108.865927,11.355362],[108.831745,11.379656],[108.763418,11.405801],[108.720687,11.467277],[108.647576,11.532864],[108.588833,11.556669],[108.549378,11.602635],[108.585765,11.644304],[108.657942,11.668822],[108.694724,11.69973],[108.676122,11.742875],[108.666609,11.789401],[108.623855,11.815795],[108.651543,11.877244],[108.663293,11.943833],[108.682005,12.002492],[108.685944,12.028702],[108.705233,12.046838],[108.69892,12.096401],[108.672598,12.119971],[108.691445,12.132545],[108.710551,12.156646],[108.711888,12.187835],[108.712516,12.229054],[108.702869,12.270815],[108.691846,12.313433],[108.68294,12.326108],[108.679463,12.360614],[108.681059,12.382289],[108.672788,12.405745],[108.66979,12.431074],[108.688611,12.454444],[108.697462,12.469471],[108.734921,12.475841],[108.750143,12.499447],[108.77292,12.504993],[108.800203,12.484463],[108.850261,12.458889],[108.875181,12.473612],[108.868798,12.505447],[108.877094,12.539945],[108.893109,12.568632],[108.916213,12.600911],[108.896662,12.628462],[108.923631,12.641141],[108.935848,12.658306],[108.954053,12.68763],[108.981757,12.689133],[108.984213,12.704351],[109.013848,12.729854],[109.03671,12.74263],[109.06036,12.748588],[109.074217,12.746311],[109.089153,12.7583],[109.110922,12.787497],[109.131158,12.787183],[109.145465,12.789981],[109.16636,12.828066],[109.210674,12.829374],[109.230422,12.817484],[109.259935,12.838058],[109.290167,12.836918],[109.312604,12.844139],[109.317858,12.836567],[109.327921,12.850756],[109.356158,12.861354],[109.378483,12.848951]]],[[[109.217172,11.784276],[109.220267,11.784913],[109.220566,11.77515],[109.218614,11.773005],[109.210808,11.786254],[109.217172,11.784276]]]]}},{"type":"Feature","properties":{"code":"66","name":"Đắk Lắk","full_name":"Tỉnh Đắk Lắk"},"geometry":{"type":"MultiPolygon","coordinates":[[[[108.157869,13.4005],[108.20353,13.37458],[108.212136,13.36992],[108.239358,13.370485],[108.275612,13.363408],[108.293169,13.352736],[108.34039,13.340021],[108.347897,13.332336],[108.351568,13.330153],[108.368792,13.293564],[108.387175,13.257825],[108.404756,13.260192],[108.418706,13.22727],[108.421907,13.200466],[108.430568,13.186341],[108.446549,13.173492],[108.456055,13.130435],[108.456001,13.127594],[108.46086,13.119585],[108.509319,13.078142],[108.51465,13.037893],[108.538955,13.031945],[108.564276,13.021051],[108.568207,13.021913],[108.588128,13.030331],[108.595984,13.024846],[108.598997,13.01907],[108.636725,13.011701],[108.672556,12.998692],[108.680027,13.000021],[108.681207,13.002507],[108.687376,13.009902],[108.691152,13.017623],[108.732227,13.025885],[108.752286,13.035554],[108.752702,13.049785],[108.746283,13.091147],[108.758055,13.128772],[108.761545,13.135287],[108.787511,13.145797],[108.79917,13.152832],[108.828209,13.163994],[108.852102,13.193127],[108.849443,13.214136],[108.850852,13.220353],[108.859048,13.225376],[108.869066,13.253254],[108.870583,13.279941],[108.849548,13.300763],[108.805835,13.368609],[108.800061,13.444356],[108.775837,13.467956],[108.742207,13.458284],[108.711473,13.467485],[108.703065,13.488411],[108.728574,13.524406],[108.745919,13.566133],[108.746911,13.567366],[108.749907,13.566131],[108.764764,13.562304],[108.76722,13.563619],[108.797777,13.578586],[108.823584,13.567454],[108.85418,13.561159],[108.904674,13.540677],[108.992162,13.526963],[109.034988,13.546196],[109.096964,13.579553],[109.116547,13.587537],[109.116097,13.619092],[109.118162,13.64262],[109.143582,13.631886],[109.149796,13.658087],[109.179125,13.684041],[109.202662,13.688428],[109.214292,13.682623],[109.229653,13.670772],[109.231007,13.657345],[109.270112,13.578039],[109.296747,13.570082],[109.287036,13.567769],[109.277808,13.557526],[109.282068,13.53338],[109.289947,13.528535],[109.298639,13.512232],[109.285367,13.502545],[109.287449,13.490723],[109.303437,13.46691],[109.315601,13.468019],[109.324762,13.474384],[109.327959,13.46366],[109.313359,13.457095],[109.315258,13.443987],[109.309914,13.427081],[109.307273,13.414753],[109.29768,13.410548],[109.291556,13.412705],[109.286921,13.41772],[109.269018,13.414871],[109.262967,13.421858],[109.260177,13.433313],[109.269287,13.434364],[109.280821,13.446712],[109.288249,13.446946],[109.284801,13.463967],[109.27994,13.462758],[109.263674,13.48098],[109.244542,13.496163],[109.238293,13.491415],[109.231084,13.485099],[109.231424,13.475051],[109.222197,13.454286],[109.222236,13.440817],[109.229857,13.432031],[109.236346,13.429705],[109.229654,13.42553],[109.217637,13.4188],[109.223127,13.415109],[109.227791,13.407119],[109.223798,13.397832],[109.239215,13.391212],[109.247583,13.372164],[109.268221,13.361847],[109.281823,13.364548],[109.291727,13.365005],[109.293924,13.356939],[109.288957,13.353953],[109.291568,13.344865],[109.292124,13.334673],[109.29308,13.291305],[109.311963,13.261984],[109.313419,13.257051],[109.310163,13.253666],[109.305205,13.251992],[109.301089,13.249592],[109.299868,13.24455],[109.291249,13.217968],[109.294902,13.199805],[109.299811,13.186831],[109.29506,13.179937],[109.292584,13.17317],[109.291362,13.168059],[109.290478,13.159273],[109.290468,13.152524],[109.291383,13.147613],[109.294116,13.138869],[109.302338,13.121899],[109.325092,13.09244],[109.362256,13.027559],[109.382634,12.99847],[109.390766,12.988366],[109.397867,12.979768],[109.405531,12.97018],[109.414944,12.960421],[109.42025,12.95345],[109.415881,12.950377],[109.415661,12.948107],[109.420859,12.944904],[109.429711,12.945422],[109.42867,12.936113],[109.436334,12.925613],[109.443591,12.917537],[109.453471,12.912055],[109.447619,12.895996],[109.456348,12.898075],[109.452327,12.889343],[109.456657,12.88199],[109.449567,12.878183],[109.450685,12.868594],[109.444689,12.858695],[109.432613,12.855229],[109.425513,12.847937],[109.418089,12.849784],[109.422619,12.856998],[109.43227,12.864536],[109.436268,12.87137],[109.436001,12.881307],[109.426902,12.881745],[109.418629,12.874898],[109.398844,12.865983],[109.399681,12.856979],[109.394104,12.853743],[109.38924,12.846027],[109.376665,12.851044],[109.353782,12.861174],[109.327257,12.849331],[109.317558,12.836614],[109.312243,12.844288],[109.286873,12.835878],[109.255367,12.838888],[109.225005,12.814291],[109.207631,12.831335],[109.163266,12.826739],[109.145484,12.787398],[109.127286,12.788819],[109.10862,12.782488],[109.089538,12.753768],[109.070501,12.750588],[109.05915,12.746738],[109.036032,12.739372],[109.013453,12.72805],[108.984298,12.701508],[108.979296,12.686197],[108.952269,12.686152],[108.93589,12.654962],[108.918549,12.639584],[108.896376,12.626804],[108.913376,12.597789],[108.892555,12.564862],[108.873718,12.536093],[108.862124,12.501731],[108.87145,12.472985],[108.844005,12.460762],[108.79551,12.486911],[108.766599,12.504366],[108.748416,12.496516],[108.730283,12.477523],[108.69703,12.465034],[108.687633,12.45355],[108.667533,12.426357],[108.671643,12.40326],[108.680634,12.380815],[108.677161,12.356865],[108.680598,12.322824],[108.677477,12.316491],[108.649216,12.295709],[108.62035,12.291512],[108.60722,12.283946],[108.586927,12.288919],[108.563093,12.29319],[108.54177,12.29858],[108.537726,12.287643],[108.537273,12.2853],[108.526096,12.281012],[108.506467,12.278833],[108.497693,12.290192],[108.478814,12.306537],[108.463003,12.29517],[108.447149,12.274329],[108.439523,12.272942],[108.437717,12.253631],[108.431209,12.257009],[108.425376,12.256928],[108.418382,12.250773],[108.411457,12.245016],[108.403707,12.245075],[108.393073,12.244608],[108.388826,12.242464],[108.384308,12.243173],[108.370684,12.251529],[108.360298,12.254023],[108.347679,12.251616],[108.337801,12.248572],[108.33359,12.248569],[108.33364,12.24106],[108.33205,12.236243],[108.338366,12.233358],[108.336653,12.228342],[108.328507,12.231154],[108.320489,12.221691],[108.308885,12.215518],[108.294347,12.202916],[108.279409,12.214182],[108.272695,12.212326],[108.269538,12.20522],[108.260134,12.202513],[108.257745,12.19837],[108.257983,12.192453],[108.250908,12.189197],[108.246844,12.179196],[108.25171,12.174998],[108.249663,12.17166],[108.243382,12.165241],[108.239318,12.161856],[108.236376,12.170629],[108.216078,12.184355],[108.207593,12.174627],[108.174657,12.185946],[108.134939,12.183047],[108.127164,12.17966],[108.11739,12.176989],[108.111193,12.187221],[108.10928,12.199644],[108.082346,12.236252],[108.039469,12.28523],[108.022956,12.289974],[108.014852,12.303053],[108.002323,12.297141],[107.973368,12.300404],[107.928984,12.356684],[107.924593,12.415983],[107.977717,12.444289],[107.987513,12.48982],[107.912115,12.527809],[107.89407,12.55692],[107.92717,12.610304],[107.90292,12.650288],[107.912724,12.659398],[107.898699,12.708323],[107.871179,12.752167],[107.861445,12.795483],[107.817656,12.793928],[107.545868,12.829869],[107.500302,12.873836],[107.486269,12.941571],[107.50232,12.975592],[107.489475,13.00195],[107.489639,13.021266],[107.605025,13.305555],[107.613043,13.309343],[107.613965,13.312614],[107.624348,13.316807],[107.645887,13.325756],[107.64867,13.331318],[107.659296,13.349849],[107.679888,13.362942],[107.698687,13.375341],[107.702677,13.37636],[107.712192,13.369749],[107.744702,13.364721],[107.764982,13.366923],[107.780064,13.375453],[107.795738,13.38987],[107.849481,13.3907],[107.881058,13.390172],[107.89415,13.387808],[107.917608,13.387325],[107.938685,13.380345],[107.962931,13.381002],[107.979244,13.385029],[107.978987,13.388192],[107.979332,13.392573],[107.98163,13.393736],[107.994064,13.391883],[107.997483,13.388726],[108.000012,13.38679],[108.053862,13.413369],[108.07904,13.402321],[108.134827,13.408527],[108.157869,13.4005]]],[[[109.331897,13.276833],[109.328504,13.289431],[109.340345,13.281267],[109.331897,13.276833]]],[[[109.359129,13.606981],[109.347773,13.611896],[109.345614,13.613148],[109.33596,13.633527],[109.33679,13.63556],[109.340365,13.635904],[109.342916,13.634948],[109.345616,13.63014],[109.361497,13.61107],[109.359129,13.606981]]]]}},{"type":"Feature","properties":{"code":"68","name":"Lâm Đồng","full_name":"Tỉnh Lâm Đồng"},"geometry":{"type":"MultiPolygon","coordinates":[[[[108.700336,12.288152],[108.700078,12.239471],[108.713057,12.20337],[108.724675,12.158867],[108.694055,12.140945],[108.671461,12.122058],[108.689809,12.107084],[108.70746,12.070575],[108.691099,12.038324],[108.677956,12.011711],[108.661222,11.964291],[108.651815,11.894619],[108.638445,11.833014],[108.64369,11.794176],[108.663649,11.757664],[108.697906,11.705133],[108.667793,11.66518],[108.612743,11.651319],[108.55155,11.626919],[108.57477,11.569499],[108.639908,11.552034],[108.681541,11.472945],[108.756957,11.44269],[108.819232,11.381624],[108.853376,11.360878],[108.865451,11.336034],[108.819145,11.318445],[108.788685,11.315073],[108.77709,11.296715],[108.761195,11.287429],[108.750806,11.274799],[108.749247,11.264508],[108.747263,11.253475],[108.743266,11.240127],[108.742557,11.23057],[108.738184,11.223238],[108.729064,11.192334],[108.717243,11.178713],[108.699325,11.17966],[108.614612,11.178129],[108.555931,11.163628],[108.532318,11.155828],[108.507848,11.139207],[108.477316,11.064134],[108.444173,11.048316],[108.413071,11.028678],[108.384195,11.034586],[108.336649,10.954302],[108.323586,10.955906],[108.291534,10.925268],[108.197865,10.943518],[108.144689,10.932815],[108.113763,10.925803],[108.092598,10.920456],[108.016087,10.753476],[107.9951,10.709369],[107.962528,10.704746],[107.92347,10.719619],[107.889309,10.722448],[107.848165,10.708191],[107.821005,10.703047],[107.778024,10.656914],[107.690454,10.630066],[107.650904,10.606503],[107.580562,10.577591],[107.561801,10.629426],[107.541327,10.707809],[107.521559,10.775102],[107.569998,10.851723],[107.524237,10.996615],[107.472797,11.009088],[107.440714,11.031237],[107.397067,11.049892],[107.42351,11.070891],[107.450676,11.113926],[107.43652,11.142199],[107.471028,11.196519],[107.484835,11.224164],[107.521684,11.267438],[107.516718,11.309738],[107.543178,11.368449],[107.486268,11.400326],[107.484222,11.428885],[107.43791,11.432436],[107.447088,11.456046],[107.459091,11.490911],[107.439507,11.5175],[107.399641,11.530244],[107.375932,11.540156],[107.360051,11.569409],[107.354417,11.568701],[107.315089,11.554905],[107.301817,11.614255],[107.270966,11.636883],[107.282449,11.6866],[107.285397,11.726496],[107.364203,11.767149],[107.391752,11.795844],[107.410553,11.827101],[107.425188,11.849911],[107.400314,11.884673],[107.351702,11.94048],[107.346733,11.96979],[107.299567,12.009192],[107.273445,12.014395],[107.245552,12.030199],[107.22238,12.120998],[107.268428,12.325614],[107.281834,12.323676],[107.350904,12.325322],[107.43404,12.247984],[107.439682,12.263849],[107.439991,12.278225],[107.449748,12.294163],[107.464935,12.311663],[107.539095,12.349917],[107.555488,12.436024],[107.57074,12.502476],[107.574327,12.543086],[107.582679,12.605666],[107.560998,12.705397],[107.560088,12.794466],[107.838671,12.808854],[107.854705,12.768334],[107.905238,12.729018],[107.90856,12.688292],[107.903151,12.653176],[107.915484,12.648419],[107.932077,12.588161],[107.887443,12.540809],[107.942308,12.527758],[107.998313,12.475254],[107.9474,12.441525],[107.912916,12.395723],[107.942601,12.331298],[107.998646,12.304001],[108.0075,12.298927],[108.01711,12.294933],[108.035859,12.289846],[108.042982,12.273831],[108.103299,12.206794],[108.1114,12.194864],[108.113263,12.182992],[108.120448,12.176585],[108.129333,12.181838],[108.154279,12.190589],[108.201613,12.171302],[108.208218,12.179891],[108.228884,12.178352],[108.237483,12.163729],[108.24101,12.162704],[108.244575,12.169375],[108.252333,12.173339],[108.247616,12.177507],[108.248216,12.183103],[108.253401,12.191377],[108.258387,12.193961],[108.257982,12.201062],[108.265089,12.204543],[108.270982,12.208281],[108.275929,12.215089],[108.287716,12.211296],[108.3017,12.211037],[108.313252,12.219154],[108.320919,12.226418],[108.330047,12.231661],[108.338378,12.228913],[108.337376,12.235322],[108.331919,12.238125],[108.332543,12.245832],[108.335124,12.249405],[108.339981,12.246364],[108.355039,12.255883],[108.36765,12.255176],[108.375992,12.250085],[108.385969,12.242117],[108.390973,12.244105],[108.398197,12.243778],[108.409248,12.244937],[108.413923,12.248044],[108.424535,12.25221],[108.428598,12.260072],[108.43542,12.250913],[108.434856,12.258632],[108.441801,12.279074],[108.46212,12.280529],[108.467799,12.296938],[108.487525,12.30863],[108.497057,12.286005],[108.510529,12.278337],[108.533785,12.282592],[108.537756,12.286386],[108.535808,12.294041],[108.544224,12.295689],[108.575404,12.28962],[108.589984,12.280512],[108.615609,12.285565],[108.633233,12.293993],[108.667245,12.302462],[108.678162,12.317256],[108.704033,12.299277],[108.700336,12.288152]]],[[[108.961238,10.486296],[108.962032,10.493608],[108.965099,10.496256],[108.966646,10.492024],[108.961238,10.486296]]],[[[108.93888,10.552777],[108.953034,10.544486],[108.955418,10.532944],[108.964711,10.510046],[108.936852,10.510204],[108.92641,10.527985],[108.921678,10.545386],[108.9361,10.553118],[108.93888,10.552777]]],[[[107.800804,10.650388],[107.801768,10.650577],[107.800804,10.650388]]],[[[107.992977,10.697839],[107.988202,10.697831],[107.992977,10.697839]]],[[[108.830044,11.233955],[108.827625,11.226025],[108.82195,11.231298],[108.830044,11.233955]]]]}},{"type":"Feature","properties":{"code":"75","name":"Đồng Nai","full_name":"Thành phố Đồng Nai"},"geometry":{"type":"MultiPolygon","coordinates":[[[[107.376134,11.543253],[107.388217,11.527411],[107.430327,11.519486],[107.454571,11.493197],[107.448658,11.459102],[107.428175,11.425766],[107.482768,11.430306],[107.485283,11.402044],[107.539895,11.360476],[107.516637,11.312339],[107.521289,11.272107],[107.490366,11.226068],[107.471523,11.202047],[107.443417,11.150486],[107.448342,11.118607],[107.420934,11.075989],[107.393673,11.050409],[107.438441,11.032404],[107.470816,11.00974],[107.518949,11.000096],[107.558194,10.938122],[107.532324,10.781686],[107.456655,10.792619],[107.405649,10.773404],[107.391963,10.761988],[107.358531,10.726479],[107.349229,10.705814],[107.341716,10.676094],[107.33007,10.67785],[107.320638,10.671376],[107.309649,10.674481],[107.305995,10.69441],[107.258617,10.756857],[107.232575,10.76528],[107.204795,10.77572],[107.190074,10.772534],[107.151081,10.746365],[107.063201,10.657137],[107.011838,10.643874],[106.999032,10.636941],[107.005212,10.611609],[106.993673,10.606306],[106.985822,10.598752],[106.970341,10.58604],[106.957577,10.594769],[106.943257,10.598004],[106.92751,10.603487],[106.910907,10.608324],[106.890368,10.633991],[106.880201,10.649006],[106.864802,10.643441],[106.854699,10.638658],[106.837577,10.632665],[106.817806,10.634472],[106.775711,10.676366],[106.755959,10.727218],[106.811021,10.778321],[106.825311,10.761287],[106.860462,10.767315],[106.864382,10.791185],[106.873698,10.822813],[106.849149,10.875083],[106.83786,10.900483],[106.817375,10.9032],[106.805209,10.921537],[106.789977,10.931625],[106.777501,10.938553],[106.761614,10.953877],[106.760217,10.964605],[106.771365,10.960626],[106.779729,10.965042],[106.794567,10.974861],[106.773283,11.005024],[106.793237,11.024751],[106.797982,11.025928],[106.803271,11.026451],[106.806707,11.027271],[106.809659,11.029824],[106.811045,11.032723],[106.81089,11.037709],[106.799598,11.060297],[106.827297,11.064198],[106.844124,11.037045],[106.89071,11.028306],[106.909312,11.026955],[106.910068,11.035236],[106.910724,11.041668],[106.912706,11.043951],[106.918426,11.046478],[106.921628,11.049102],[106.921223,11.052901],[106.920533,11.056737],[106.922654,11.058383],[106.927415,11.062239],[106.93029,11.065509],[106.933696,11.065482],[106.93774,11.060365],[106.940076,11.057761],[106.944369,11.05861],[106.950352,11.071332],[106.948593,11.094351],[106.95182,11.098896],[106.957789,11.10311],[106.964054,11.111847],[106.961315,11.143215],[106.954121,11.153688],[106.939275,11.169631],[106.932107,11.18951],[106.918816,11.193622],[106.905684,11.200146],[106.906113,11.211984],[106.915842,11.225344],[106.917207,11.243847],[106.923885,11.253813],[106.936246,11.289964],[106.936253,11.309259],[106.946504,11.341649],[106.916888,11.352608],[106.90173,11.343083],[106.878488,11.3355],[106.869015,11.319947],[106.871374,11.310353],[106.861148,11.339261],[106.838832,11.375982],[106.78721,11.401989],[106.803856,11.452231],[106.772293,11.483844],[106.749906,11.459703],[106.739381,11.438214],[106.718617,11.423993],[106.7032,11.398402],[106.672986,11.398334],[106.633224,11.36024],[106.561443,11.37178],[106.547168,11.380934],[106.546074,11.404835],[106.550262,11.439408],[106.543905,11.469778],[106.497099,11.495162],[106.435233,11.502596],[106.42819,11.527178],[106.450555,11.54385],[106.478279,11.548278],[106.487822,11.577078],[106.483068,11.603678],[106.463921,11.628728],[106.452604,11.656773],[106.451769,11.686886],[106.418203,11.781416],[106.445797,11.823297],[106.443871,11.861182],[106.465379,11.871443],[106.440982,11.987037],[106.461153,11.985222],[106.512684,11.981899],[106.62649,11.966965],[106.634748,11.972908],[106.640922,11.970272],[106.653886,11.970956],[106.656961,11.988156],[106.685539,11.965344],[106.715811,11.972736],[106.743115,11.985672],[106.74498,12.019747],[106.780431,12.064995],[106.811069,12.080778],[106.86678,12.074424],[106.89309,12.069792],[106.931473,12.068208],[106.982032,12.08972],[107.001868,12.115416],[107.075402,12.163745],[107.082239,12.184224],[107.090438,12.182038],[107.128109,12.225908],[107.182335,12.28679],[107.230403,12.033692],[107.25576,12.019761],[107.291649,12.022518],[107.315384,12.009601],[107.351324,11.956083],[107.368322,11.929111],[107.405629,11.868367],[107.415211,11.839319],[107.40309,11.813741],[107.394853,11.774098],[107.329497,11.749072],[107.283633,11.712519],[107.268619,11.668713],[107.286048,11.631739],[107.295753,11.586798],[107.34003,11.544212],[107.35746,11.582758],[107.368707,11.549255],[107.376134,11.543253]]]]}},{"type":"Feature","properties":{"code":"79","name":"Hồ Chí Minh","full_name":"Thành phố Hồ Chí Minh"},"geometry":{"type":"MultiPolygon","coordinates":[[[[106.83786,10.900483],[106.849149,10.875083],[106.873698,10.822813],[106.864382,10.791185],[106.860462,10.767315],[106.825311,10.761287],[106.811021,10.778321],[106.755959,10.727218],[106.775711,10.676366],[106.817806,10.634472],[106.837577,10.632665],[106.854699,10.638658],[106.864802,10.643441],[106.880201,10.649006],[106.890368,10.633991],[106.910907,10.608324],[106.92751,10.603487],[106.943257,10.598004],[106.957577,10.594769],[106.970341,10.58604],[106.985822,10.598752],[106.993673,10.606306],[107.005212,10.611609],[106.999032,10.636941],[107.011838,10.643874],[107.063201,10.657137],[107.151081,10.746365],[107.190074,10.772534],[107.204795,10.77572],[107.232575,10.76528],[107.258617,10.756857],[107.305995,10.69441],[107.309649,10.674481],[107.320638,10.671376],[107.33007,10.67785],[107.341716,10.676094],[107.349229,10.705814],[107.358531,10.726479],[107.391963,10.761988],[107.405649,10.773404],[107.456655,10.792619],[107.525997,10.726798],[107.541838,10.67005],[107.560578,10.563955],[107.528177,10.526993],[107.46892,10.499125],[107.417961,10.467893],[107.389276,10.469785],[107.372282,10.469124],[107.34436,10.456132],[107.304056,10.435134],[107.2851,10.417255],[107.252519,10.380513],[107.239767,10.379559],[107.217331,10.403128],[107.18388,10.402828],[107.17557,10.401606],[107.145186,10.385605],[107.129152,10.376837],[107.122936,10.372722],[107.105485,10.358336],[107.090844,10.339541],[107.080411,10.324782],[107.065149,10.351583],[107.05382,10.374885],[107.059239,10.388126],[107.072741,10.374037],[107.075618,10.37903],[107.10215,10.396238],[107.107013,10.408981],[107.115894,10.421413],[107.114543,10.428232],[107.085786,10.436548],[107.0684,10.445121],[107.051041,10.450279],[107.026473,10.479906],[107.017385,10.475421],[107.018328,10.486451],[107.014605,10.495989],[107.000234,10.501743],[106.945506,10.398715],[106.885272,10.378097],[106.741645,10.513445],[106.735023,10.587356],[106.729357,10.580805],[106.726442,10.582045],[106.7197,10.600291],[106.727491,10.60987],[106.729853,10.613109],[106.72289,10.640965],[106.686754,10.655447],[106.671495,10.641639],[106.660897,10.640403],[106.65424,10.64371],[106.627434,10.626839],[106.621363,10.64471],[106.601862,10.65664],[106.598629,10.651753],[106.589157,10.652916],[106.576556,10.653953],[106.563261,10.658746],[106.549135,10.658184],[106.55181,10.674567],[106.548736,10.686498],[106.546042,10.687593],[106.530273,10.694818],[106.51524,10.722804],[106.499885,10.72753],[106.485365,10.730841],[106.476047,10.741995],[106.469861,10.747307],[106.494754,10.783127],[106.50547,10.800696],[106.516954,10.847637],[106.5253,10.879983],[106.529169,10.903984],[106.456132,10.941469],[106.365925,10.999634],[106.389115,11.000904],[106.409721,11.030421],[106.425881,11.066412],[106.435654,11.112861],[106.44296,11.127814],[106.445769,11.136838],[106.43049,11.15208],[106.430762,11.167803],[106.426171,11.173251],[106.415663,11.174637],[106.407251,11.184482],[106.390854,11.185361],[106.382158,11.194627],[106.386584,11.214586],[106.375865,11.236504],[106.367833,11.245109],[106.353707,11.247833],[106.352809,11.2769],[106.344554,11.290314],[106.339793,11.286155],[106.339971,11.298433],[106.338642,11.310345],[106.342994,11.325475],[106.327727,11.349357],[106.34321,11.378228],[106.415996,11.488325],[106.467434,11.498138],[106.522623,11.480952],[106.571394,11.456792],[106.539788,11.424748],[106.539285,11.388138],[106.554699,11.372447],[106.597457,11.387448],[106.672715,11.355099],[106.692673,11.403806],[106.707274,11.406373],[106.725725,11.433708],[106.754556,11.451516],[106.75387,11.478223],[106.800147,11.486973],[106.770203,11.4278],[106.819168,11.381448],[106.854759,11.353537],[106.854034,11.322558],[106.873029,11.311415],[106.871874,11.329051],[106.89787,11.342041],[106.905828,11.354199],[106.929352,11.353963],[106.949785,11.323261],[106.938052,11.296968],[106.926466,11.262641],[106.928379,11.244359],[106.909978,11.237039],[106.912168,11.215122],[106.900838,11.207246],[106.906549,11.193167],[106.922458,11.188101],[106.942483,11.178498],[106.951607,11.164733],[106.963784,11.149817],[106.951646,11.130101],[106.956958,11.108386],[106.95363,11.09936],[106.950771,11.098033],[106.944213,11.078324],[106.945655,11.059848],[106.941979,11.057764],[106.938777,11.058723],[106.935596,11.063834],[106.931615,11.065827],[106.928892,11.064375],[106.92511,11.059677],[106.921161,11.057578],[106.920576,11.054838],[106.921709,11.050609],[106.920539,11.047579],[106.915679,11.045279],[106.91157,11.043044],[106.910247,11.039028],[106.909882,11.030219],[106.906042,11.023129],[106.864781,11.024593],[106.828069,11.063137],[106.826131,11.06531],[106.805754,11.048183],[106.811225,11.034547],[106.810257,11.030874],[106.808832,11.028706],[106.803914,11.026532],[106.800705,11.02627],[106.795468,11.025434],[106.790969,11.023699],[106.778676,10.989917],[106.79108,10.970576],[106.775206,10.961591],[106.766514,10.96541],[106.762971,10.96034],[106.768771,10.945264],[106.782059,10.93438],[106.792058,10.924142],[106.813223,10.906485],[106.833724,10.904334],[106.83786,10.900483]]],[[[106.666531,8.682139],[106.680656,8.674721],[106.691149,8.675022],[106.698769,8.679179],[106.703869,8.671262],[106.70815,8.670626],[106.704156,8.664644],[106.693385,8.661674],[106.680545,8.666516],[106.669492,8.659182],[106.660616,8.681914],[106.666531,8.682139]]],[[[106.741532,8.68908],[106.738119,8.685208],[106.732739,8.691751],[106.739508,8.699764],[106.741553,8.693475],[106.741532,8.68908]]],[[[106.543677,8.709913],[106.541964,8.704771],[106.536968,8.710897],[106.543677,8.709913]]],[[[106.656114,8.760529],[106.667157,8.756509],[106.659299,8.747892],[106.65645,8.754734],[106.65278,8.74619],[106.655043,8.745155],[106.660251,8.733378],[106.64361,8.731793],[106.63896,8.715988],[106.655768,8.698136],[106.64945,8.692349],[106.627909,8.692418],[106.625417,8.685613],[106.61606,8.678763],[106.612611,8.681935],[106.598537,8.674052],[106.611785,8.641413],[106.588602,8.64686],[106.579283,8.646001],[106.574066,8.645856],[106.568022,8.640724],[106.558464,8.632839],[106.550984,8.637839],[106.540604,8.647816],[106.54267,8.663057],[106.553624,8.661759],[106.564106,8.653725],[106.569415,8.655605],[106.556204,8.674881],[106.563036,8.688023],[106.576792,8.706381],[106.581337,8.70594],[106.588302,8.707374],[106.591608,8.723773],[106.607072,8.730215],[106.618427,8.731554],[106.624547,8.745499],[106.64464,8.754311],[106.656114,8.760529]]],[[[107.075245,10.433077],[107.062938,10.442787],[107.075245,10.433077]]],[[[107.014325,10.483479],[107.004124,10.490675],[107.013524,10.490695],[107.014601,10.483534],[107.014325,10.483479]]]]}},{"type":"Feature","properties":{"code":"80","name":"Tây Ninh","full_name":"Tỉnh Tây Ninh"},"geometry":{"type":"MultiPolygon","coordinates":[[[[106.114338,11.743553],[106.132055,11.745831],[106.162251,11.745836],[106.185247,11.751252],[106.225302,11.73198],[106.263575,11.71109],[106.319838,11.683126],[106.411848,11.679347],[106.450688,11.672123],[106.45231,11.655247],[106.464497,11.622829],[106.48283,11.600573],[106.486914,11.569136],[106.476673,11.547661],[106.447247,11.545453],[106.426359,11.520925],[106.404239,11.471189],[106.336735,11.364872],[106.32818,11.346365],[106.344031,11.323717],[106.336388,11.304923],[106.341092,11.297605],[106.341025,11.285501],[106.34631,11.290495],[106.351462,11.267249],[106.356627,11.241929],[106.368986,11.245395],[106.379957,11.223888],[106.387482,11.212354],[106.382203,11.194003],[106.398193,11.182998],[106.407734,11.183643],[106.420443,11.172366],[106.427566,11.175359],[106.43154,11.165728],[106.428445,11.149483],[106.446029,11.133177],[106.443022,11.126151],[106.435395,11.111373],[106.418382,11.064367],[106.407652,11.024878],[106.382624,11],[106.361562,10.998058],[106.499999,10.918836],[106.530545,10.902731],[106.524063,10.874667],[106.515161,10.840321],[106.504073,10.79466],[106.491172,10.780141],[106.471458,10.747685],[106.479369,10.737717],[106.485684,10.730445],[106.499999,10.727363],[106.524471,10.720446],[106.531786,10.690016],[106.546684,10.687321],[106.548994,10.685888],[106.55156,10.669328],[106.553566,10.656917],[106.568824,10.656069],[106.5778,10.656648],[106.590541,10.651302],[106.599233,10.651893],[106.602254,10.657748],[106.622071,10.641558],[106.637792,10.624303],[106.654705,10.644389],[106.663126,10.640271],[106.674313,10.645507],[106.690256,10.650505],[106.726945,10.637942],[106.730277,10.612513],[106.726326,10.610292],[106.719246,10.597405],[106.72687,10.58137],[106.73034,10.581091],[106.736319,10.586783],[106.732761,10.497949],[106.69287,10.456401],[106.661046,10.44378],[106.653525,10.481866],[106.629929,10.457634],[106.594478,10.437588],[106.586326,10.422709],[106.557599,10.413869],[106.542448,10.42971],[106.523403,10.43256],[106.508152,10.429086],[106.484594,10.407252],[106.461884,10.401477],[106.445968,10.4051],[106.416422,10.426043],[106.440947,10.458812],[106.428383,10.474844],[106.401647,10.493716],[106.378066,10.48322],[106.36988,10.490417],[106.367581,10.5],[106.3691,10.508229],[106.365285,10.511744],[106.350104,10.525114],[106.318556,10.570807],[106.29698,10.575976],[106.282012,10.587748],[106.143009,10.578887],[106.079762,10.525253],[106.04065,10.529277],[105.874976,10.582928],[105.779777,10.659569],[105.725135,10.709756],[105.687933,10.744713],[105.640898,10.788418],[105.603037,10.823656],[105.600512,10.853126],[105.501132,10.951767],[105.547117,10.958725],[105.60024,10.971178],[105.637918,10.981841],[105.658801,10.986465],[105.695083,11.004778],[105.743607,11.027904],[105.767752,11.031601],[105.83282,10.942165],[105.846879,10.868243],[105.897088,10.845544],[105.934782,10.841817],[105.930656,10.849172],[105.937614,10.87152],[105.954325,10.886204],[105.948833,10.890363],[105.950498,10.896091],[105.946896,10.902336],[105.947019,10.915793],[106.058595,10.819824],[106.128221,10.810648],[106.168744,10.872796],[106.144854,10.96177],[106.142726,10.977006],[106.15462,10.983147],[106.162234,10.98074],[106.185619,10.97465],[106.199075,10.988219],[106.169515,11.079647],[106.119638,11.087692],[106.097448,11.08072],[106.072315,11.100608],[106.014626,11.16739],[105.936701,11.209711],[105.909065,11.242489],[105.909765,11.269913],[105.889467,11.288188],[105.861399,11.287581],[105.866463,11.301159],[105.874306,11.339768],[105.874844,11.396621],[105.892763,11.427239],[105.886289,11.452686],[105.8768,11.481121],[105.87889,11.513022],[105.868239,11.556042],[105.829702,11.565714],[105.809852,11.594904],[105.815396,11.610971],[105.858258,11.667416],[105.897418,11.669103],[105.93953,11.644623],[105.9649,11.65429],[105.978849,11.68825],[106.014131,11.73233],[106.029089,11.776607],[106.079004,11.769261],[106.114338,11.743553]]]]}},{"type":"Feature","properties":{"code":"82","name":"Đồng Tháp","full_name":"Tỉnh Đồng Tháp"},"geometry":{"type":"MultiPolygon","coordinates":[[[[105.450168,10.957565],[105.469817,10.965552],[105.481702,10.958484],[105.495491,10.952786],[105.499729,10.950794],[105.594066,10.831985],[105.62381,10.804307],[105.665918,10.765305],[105.699767,10.733484],[105.742627,10.693541],[105.801936,10.655962],[106.002477,10.533085],[106.059263,10.527371],[106.109867,10.577401],[106.197127,10.582026],[106.289019,10.583323],[106.308217,10.566903],[106.337077,10.549731],[106.367336,10.518096],[106.366756,10.510419],[106.369684,10.506641],[106.369832,10.496961],[106.372509,10.487045],[106.393059,10.481607],[106.415272,10.483175],[106.43372,10.469357],[106.450041,10.451471],[106.449964,10.413353],[106.456932,10.396905],[106.479116,10.40227],[106.500001,10.420419],[106.511506,10.429699],[106.532492,10.428043],[106.556985,10.424544],[106.572613,10.415245],[106.586216,10.439029],[106.618585,10.45004],[106.64071,10.483331],[106.658354,10.470431],[106.682761,10.44239],[106.717122,10.485074],[106.812184,10.388686],[106.787016,10.192436],[106.70222,10.216838],[106.656359,10.240385],[106.534358,10.269147],[106.258101,10.324302],[106.111893,10.285058],[106.077144,10.278751],[105.992675,10.329942],[105.955824,10.312735],[105.908167,10.278323],[105.887688,10.273655],[105.88963,10.245676],[105.911144,10.19343],[105.859521,10.156721],[105.773607,10.189386],[105.653263,10.156723],[105.61784,10.205866],[105.588675,10.249481],[105.546772,10.288858],[105.493656,10.327364],[105.489647,10.340121],[105.514905,10.363484],[105.55034,10.433381],[105.573761,10.446225],[105.563745,10.491671],[105.543184,10.528732],[105.499461,10.550545],[105.443736,10.55527],[105.415136,10.551002],[105.402506,10.559969],[105.384526,10.572275],[105.371849,10.572822],[105.360558,10.590954],[105.349857,10.613391],[105.339907,10.640487],[105.339562,10.682853],[105.349755,10.713181],[105.341885,10.722423],[105.312502,10.72005],[105.293563,10.717504],[105.276566,10.724222],[105.276179,10.734081],[105.295152,10.746343],[105.302099,10.753721],[105.298764,10.762926],[105.278789,10.764527],[105.266202,10.767732],[105.257683,10.776217],[105.2584,10.788722],[105.259372,10.800968],[105.237622,10.806204],[105.225772,10.814768],[105.193133,10.847392],[105.198271,10.911595],[105.260567,10.896995],[105.290739,10.883679],[105.335367,10.861224],[105.349122,10.876896],[105.358063,10.881582],[105.364328,10.887968],[105.36886,10.901067],[105.378658,10.911653],[105.39067,10.924726],[105.404542,10.935969],[105.426295,10.973747],[105.442123,10.962591],[105.450168,10.957565]]]]}},{"type":"Feature","properties":{"code":"86","name":"Vĩnh Long","full_name":"Tỉnh Vĩnh Long"},"geometry":{"type":"MultiPolygon","coordinates":[[[[105.971748,9.887947],[105.842296,9.983487],[105.795855,10.051675],[105.736896,10.096181],[105.756337,10.185275],[105.847344,10.151454],[105.891252,10.187538],[105.891909,10.245468],[105.882334,10.268009],[105.905849,10.277365],[105.940751,10.300208],[105.990319,10.33149],[106.055169,10.288316],[106.107734,10.284885],[106.210815,10.317634],[106.469809,10.307787],[106.641071,10.240874],[106.697091,10.222036],[106.777351,10.191961],[106.772359,10.133833],[106.789128,10.122524],[106.77711,10.091073],[106.723398,10.043624],[106.688851,10.024198],[106.667191,10.000039],[106.642454,9.974789],[106.632398,9.946043],[106.682932,9.891719],[106.676065,9.862067],[106.631145,9.80577],[106.567844,9.7313],[106.568862,9.696262],[106.576984,9.680418],[106.537654,9.592496],[106.496856,9.557509],[106.478163,9.549201],[106.463893,9.544814],[106.451618,9.540382],[106.433411,9.536316],[106.406522,9.530734],[106.400409,9.537387],[106.379213,9.530371],[106.321583,9.588815],[106.111567,9.75193],[105.971748,9.887947]]],[[[106.836048,10.153523],[106.827263,10.175171],[106.836048,10.153523]]]]}},{"type":"Feature","properties":{"code":"91","name":"An Giang","full_name":"Tỉnh An Giang"},"geometry":{"type":"MultiPolygon","coordinates":[[[[103.494269,9.319765],[103.506049,9.319058],[103.507847,9.309736],[103.5012,9.307766],[103.500002,9.301914],[103.503307,9.299053],[103.501097,9.29817],[103.491056,9.297238],[103.473606,9.287232],[103.475263,9.300063],[103.456625,9.303402],[103.488482,9.321424],[103.494269,9.319765]]],[[[103.531928,9.316415],[103.521671,9.322005],[103.525714,9.326147],[103.529896,9.32774],[103.531876,9.323477],[103.532129,9.316517],[103.531928,9.316415]]],[[[103.601999,9.38586],[103.601999,9.38586]]],[[[104.401552,9.635128],[104.398187,9.63532],[104.392359,9.637676],[104.404764,9.642288],[104.401861,9.638189],[104.401552,9.635128]]],[[[104.401722,9.674968],[104.399909,9.669713],[104.396211,9.663609],[104.392718,9.661722],[104.399265,9.677202],[104.401722,9.674968]]],[[[104.385876,9.681417],[104.38713,9.689939],[104.392559,9.690175],[104.386534,9.681599],[104.385876,9.681417]]],[[[104.384022,9.709529],[104.386166,9.703462],[104.383015,9.698185],[104.381709,9.710731],[104.384022,9.709529]]],[[[104.359556,9.694688],[104.356187,9.684967],[104.358471,9.672636],[104.360314,9.661649],[104.351439,9.662536],[104.345598,9.669738],[104.348081,9.688377],[104.350103,9.693969],[104.352606,9.70304],[104.35391,9.712631],[104.359234,9.705601],[104.359556,9.694688]]],[[[104.650073,9.818234],[104.657464,9.815926],[104.647538,9.796597],[104.633414,9.795409],[104.626442,9.800055],[104.612783,9.798712],[104.632874,9.823151],[104.642576,9.819271],[104.650073,9.818234]]],[[[102.884241,9.932366],[102.88624,9.930989],[102.891713,9.922225],[102.897385,9.922267],[102.901615,9.918573],[102.90447,9.91612],[102.890587,9.920281],[102.877713,9.93285],[102.88275,9.932637],[102.884241,9.932366]]],[[[102.924659,9.92591],[102.931139,9.923645],[102.935877,9.920605],[102.929018,9.915623],[102.910802,9.933634],[102.914176,9.936436],[102.918464,9.929004],[102.924659,9.92591]]],[[[104.021264,9.958502],[104.02007,9.950515],[104.023789,9.945509],[104.018949,9.941546],[104.010173,9.948236],[104.01059,9.952146],[104.011737,9.956023],[104.010382,9.959578],[104.008661,9.965543],[104.012884,9.969706],[104.021264,9.958502]]],[[[104.854091,9.978568],[104.854169,9.974738],[104.845026,9.970397],[104.841527,9.961404],[104.839584,9.95377],[104.834413,9.949534],[104.827681,9.955505],[104.825748,9.966239],[104.83205,9.972332],[104.837404,9.97561],[104.842092,9.975133],[104.850037,9.978705],[104.854091,9.978568],[104.854091,9.978568]]],[[[104.023321,9.974497],[104.02375,9.969682],[104.018069,9.974847],[104.015595,9.977484],[104.01232,9.982786],[104.01181,9.985438],[104.021218,9.98081],[104.023321,9.974497]]],[[[104.009414,9.991783],[104.005635,9.996383],[104.009009,9.999498],[104.012239,9.995693],[104.009414,9.991783],[104.009414,9.991783]]],[[[104.549803,10.015213],[104.543825,10.026614],[104.550515,10.040398],[104.559794,10.022361],[104.549803,10.015213],[104.549803,10.015213]]],[[[104.541,10.123404],[104.539894,10.128328],[104.540497,10.133798],[104.544075,10.130638],[104.541,10.123404]]],[[[104.5294,10.170228],[104.525199,10.183528],[104.530056,10.18685],[104.532582,10.172064],[104.5294,10.170228]]],[[[104.335304,10.319783],[104.326706,10.313652],[104.321656,10.322045],[104.327841,10.319851],[104.335696,10.322718],[104.335304,10.319783]]],[[[104.031237,10.414626],[104.060368,10.395653],[104.077754,10.354281],[104.070886,10.338841],[104.075851,10.317387],[104.076481,10.296292],[104.074546,10.29077],[104.073223,10.282323],[104.075405,10.267687],[104.077104,10.241356],[104.070985,10.221413],[104.053285,10.19855],[104.041022,10.153816],[104.030575,10.143187],[104.032795,10.126474],[104.024092,10.106177],[104.022987,10.093203],[104.018613,10.078502],[104.028961,10.077652],[104.041581,10.06971],[104.035059,10.059165],[104.036862,10.041536],[104.028818,10.036643],[104.032881,10.026316],[104.049844,10.01024],[104.049458,10.007012],[104.032533,10.015645],[104.015841,10.018762],[104.01066,10.011184],[104.00738,10.017941],[104,10.042478],[103.988733,10.051336],[103.985585,10.083196],[103.984052,10.091991],[103.981175,10.107157],[103.978071,10.120752],[103.975876,10.130914],[103.973626,10.141723],[103.971631,10.15309],[103.96557,10.181355],[103.961714,10.196918],[103.959683,10.205197],[103.954401,10.220628],[103.949786,10.235071],[103.937076,10.257773],[103.921968,10.278402],[103.906489,10.292875],[103.886535,10.295305],[103.875684,10.306351],[103.860988,10.307019],[103.854071,10.309792],[103.852911,10.318715],[103.848542,10.330658],[103.846148,10.34106],[103.84429,10.348041],[103.838944,10.359575],[103.830742,10.365543],[103.836411,10.374532],[103.859618,10.374759],[103.907654,10.3642],[103.918989,10.36062],[103.927026,10.36358],[103.931258,10.36775],[103.939524,10.380311],[103.942339,10.390106],[103.954186,10.406795],[103.967359,10.41612],[103.969903,10.42594],[103.970275,10.433255],[104.004086,10.447791],[104.014804,10.431982],[104.024232,10.418627],[104.031237,10.414626]]],[[[104.714291,10.532647],[104.771809,10.520399],[104.904983,10.562959],[104.946975,10.631257],[105.096449,10.723112],[105.061423,10.789112],[105.048525,10.838611],[105.033668,10.868134],[105.036978,10.89776],[105.049918,10.917157],[105.065223,10.939066],[105.077528,10.953106],[105.103861,10.959103],[105.116393,10.951889],[105.10505,10.931956],[105.131234,10.92319],[105.190404,10.89102],[105.225772,10.814768],[105.237622,10.806204],[105.259372,10.800968],[105.2584,10.788722],[105.257683,10.776217],[105.266202,10.767732],[105.278789,10.764527],[105.298764,10.762926],[105.302099,10.753721],[105.295152,10.746343],[105.276179,10.734081],[105.276566,10.724222],[105.293563,10.717504],[105.312502,10.72005],[105.341885,10.722423],[105.349755,10.713181],[105.339562,10.682853],[105.339907,10.640487],[105.349857,10.613391],[105.360558,10.590954],[105.371849,10.572822],[105.384526,10.572275],[105.402506,10.559969],[105.415136,10.551002],[105.443736,10.55527],[105.510183,10.545399],[105.547782,10.523295],[105.563815,10.491516],[105.572365,10.443458],[105.547905,10.429052],[105.508236,10.359038],[105.489039,10.338696],[105.494323,10.326539],[105.475568,10.312874],[105.290131,10.267705],[105.314369,10.143297],[105.416108,10.026267],[105.442713,10.001144],[105.476075,9.970732],[105.500562,9.947886],[105.51874,9.860119],[105.426448,9.785611],[105.412796,9.780815],[105.405793,9.774566],[105.409285,9.761891],[105.413619,9.756305],[105.396647,9.747571],[105.386678,9.735714],[105.35466,9.713329],[105.326466,9.700636],[105.336279,9.679154],[105.362354,9.671065],[105.37167,9.669724],[105.374964,9.659265],[105.404754,9.644621],[105.387523,9.628994],[105.345547,9.60169],[105.329825,9.60597],[105.302638,9.618699],[105.297013,9.630884],[105.291956,9.636906],[105.301546,9.579195],[105.305365,9.559883],[105.322183,9.55971],[105.322363,9.539722],[105.315851,9.512193],[105.290582,9.472072],[105.292312,9.438185],[105.313488,9.396876],[105.292724,9.389334],[105.26057,9.399864],[105.185987,9.447253],[105.1408,9.47545],[105.108096,9.494727],[105.054686,9.52693],[104.986215,9.541706],[104.969919,9.548128],[104.937544,9.539915],[104.904678,9.543459],[104.885578,9.50669],[104.854326,9.517151],[104.833722,9.533991],[104.840566,9.604633],[104.844733,9.638621],[104.849964,9.680335],[104.86538,9.753274],[104.875937,9.788567],[104.885364,9.830261],[104.903968,9.852461],[104.917953,9.848619],[104.946954,9.851893],[104.96852,9.867851],[104.984824,9.887672],[105.039154,9.939762],[105.089912,9.977565],[105.027728,10.060497],[105.015232,10.073037],[104.998924,10.089271],[104.92787,10.092945],[104.87777,10.094115],[104.83208,10.159946],[104.810961,10.18761],[104.750293,10.223868],[104.69224,10.206258],[104.672048,10.185277],[104.644138,10.142846],[104.622848,10.147119],[104.598028,10.145993],[104.607366,10.165056],[104.590706,10.189059],[104.584484,10.206657],[104.586634,10.235375],[104.556622,10.285976],[104.53164,10.278638],[104.525747,10.323198],[104.491905,10.365071],[104.475457,10.376689],[104.440902,10.365911],[104.445674,10.391164],[104.449691,10.405021],[104.460068,10.429504],[104.491366,10.411044],[104.522327,10.445517],[104.550072,10.457567],[104.583033,10.507097],[104.612434,10.530308],[104.65506,10.540694],[104.714291,10.532647]]]]}},{"type":"Feature","properties":{"code":"92","name":"Cần Thơ","full_name":"Thành phố Cần Thơ"},"geometry":{"type":"MultiPolygon","coordinates":[[[[105.609827,10.223664],[105.633866,10.177131],[105.683479,10.133423],[105.785281,10.066147],[105.820102,10.012082],[105.900586,9.93448],[106.016596,9.829916],[106.277702,9.600652],[106.289718,9.563823],[106.281938,9.53869],[106.240262,9.49345],[106.208143,9.48089],[106.183886,9.441596],[106.166325,9.423193],[106.187499,9.415292],[106.190205,9.403747],[106.188355,9.391427],[106.193564,9.389272],[106.188672,9.388779],[106.189067,9.381916],[106.184854,9.37295],[106.176049,9.363589],[106.165386,9.352677],[106.146996,9.339103],[106.122207,9.334498],[106.114143,9.341746],[106.109113,9.339538],[106.088387,9.33697],[106.008604,9.311392],[105.84165,9.252854],[105.824015,9.347483],[105.846955,9.355856],[105.857158,9.360792],[105.851922,9.377697],[105.851853,9.388697],[105.846918,9.396614],[105.832239,9.40255],[105.832409,9.400224],[105.827229,9.39137],[105.818863,9.394194],[105.816082,9.379476],[105.815117,9.374599],[105.809305,9.371778],[105.793011,9.377652],[105.787966,9.384946],[105.775992,9.394079],[105.767523,9.410737],[105.754622,9.411907],[105.744319,9.405418],[105.735998,9.402789],[105.726911,9.396249],[105.719589,9.39275],[105.692277,9.380677],[105.640274,9.403019],[105.61963,9.415481],[105.604816,9.41462],[105.579595,9.413],[105.542403,9.586218],[105.521051,9.593681],[105.504174,9.587748],[105.487129,9.587495],[105.469344,9.593973],[105.453258,9.590557],[105.435694,9.598347],[105.427643,9.596314],[105.416393,9.599783],[105.398825,9.597948],[105.376397,9.587394],[105.390119,9.625409],[105.400603,9.654643],[105.366801,9.662795],[105.370942,9.673347],[105.354826,9.66968],[105.331907,9.694315],[105.331034,9.703971],[105.368661,9.728818],[105.391158,9.743745],[105.40528,9.750984],[105.412652,9.760672],[105.404717,9.762942],[105.415075,9.774899],[105.417231,9.782116],[105.433137,9.795135],[105.536918,9.914308],[105.489515,9.958084],[105.458731,9.986421],[105.432394,10.010904],[105.405042,10.036759],[105.223977,10.201963],[105.314199,10.268533],[105.487779,10.325247],[105.528499,10.300626],[105.5775,10.260644],[105.609827,10.223664]]]]}},{"type":"Feature","properties":{"code":"96","name":"Cà Mau","full_name":"Tỉnh Cà Mau"},"geometry":{"type":"MultiPolygon","coordinates":[[[[104.852963,8.42049],[104.85462,8.419268],[104.85092,8.414617],[104.846273,8.416533],[104.852512,8.42056],[104.852963,8.42049]]],[[[104.839666,8.43995],[104.835392,8.433914],[104.832934,8.425329],[104.823151,8.422502],[104.818576,8.426461],[104.823019,8.433456],[104.83022,8.441365],[104.837133,8.450796],[104.83991,8.453873],[104.841917,8.449402],[104.842704,8.442594],[104.839666,8.43995]]],[[[104.70551,8.630196],[104.701081,8.622289],[104.707104,8.598737],[104.69074,8.640327],[104.705286,8.633856],[104.70551,8.630196]]],[[[104.526826,8.94387],[104.520715,8.949253],[104.521717,8.952392],[104.522427,8.956072],[104.523725,8.956863],[104.524452,8.954728],[104.525472,8.953051],[104.527226,8.947547],[104.527044,8.943888],[104.526826,8.94387]]],[[[104.944065,9.53341],[104.973606,9.545693],[104.987986,9.541388],[105.057677,9.524209],[105.115939,9.489955],[105.153142,9.467828],[105.213785,9.429637],[105.272354,9.396134],[105.295036,9.392242],[105.313085,9.398453],[105.290734,9.449643],[105.291401,9.47605],[105.320711,9.515965],[105.320674,9.546722],[105.320031,9.560533],[105.306432,9.566045],[105.289593,9.593466],[105.293549,9.637633],[105.299888,9.630621],[105.304007,9.61579],[105.33524,9.610303],[105.351334,9.595948],[105.380344,9.586478],[105.405867,9.598607],[105.414868,9.596465],[105.428272,9.598103],[105.439894,9.595473],[105.45606,9.591436],[105.473404,9.593847],[105.489984,9.590131],[105.505526,9.586104],[105.524277,9.595786],[105.543346,9.586238],[105.592941,9.420828],[105.610762,9.411538],[105.620793,9.417156],[105.639937,9.395288],[105.706263,9.395556],[105.721351,9.391586],[105.730918,9.39507],[105.738197,9.402156],[105.743781,9.406342],[105.757987,9.411824],[105.769919,9.41227],[105.782684,9.386086],[105.78891,9.384313],[105.79975,9.376168],[105.813299,9.371227],[105.813413,9.375077],[105.818481,9.382388],[105.819256,9.394893],[105.831472,9.393047],[105.830433,9.399878],[105.835798,9.402636],[105.846317,9.392289],[105.855404,9.384487],[105.852816,9.376178],[105.856232,9.361186],[105.843397,9.354751],[105.817595,9.34439],[105.751743,9.21272],[105.718322,9.196007],[105.673877,9.179244],[105.599402,9.14696],[105.567372,9.134865],[105.54896,9.124779],[105.531356,9.11777],[105.507158,9.103066],[105.491158,9.092381],[105.475957,9.083501],[105.422556,9.024207],[105.41702,9.022331],[105.413897,9.027604],[105.406068,9.01451],[105.402022,9.0126],[105.399876,9.006783],[105.391491,8.997136],[105.389317,8.986095],[105.382106,8.969594],[105.382998,8.955824],[105.372517,8.937129],[105.365528,8.923389],[105.35877,8.90742],[105.348348,8.880327],[105.330172,8.848386],[105.311846,8.828085],[105.30306,8.822648],[105.297998,8.816767],[105.294055,8.80692],[105.284519,8.79831],[105.267101,8.778146],[105.251844,8.77136],[105.242348,8.767035],[105.229091,8.763142],[105.214265,8.759803],[105.201952,8.756241],[105.192834,8.750866],[105.179814,8.744526],[105.17396,8.738416],[105.16453,8.723831],[105.159261,8.720842],[105.147037,8.708259],[105.134789,8.694263],[105.128285,8.681531],[105.122172,8.670476],[105.125118,8.662393],[105.113864,8.652601],[105.10464,8.641403],[105.083553,8.634328],[105.064594,8.629544],[105.048513,8.624451],[105.026982,8.614546],[105.009788,8.605342],[105.00558,8.60624],[104.984025,8.605879],[104.971365,8.601858],[104.952503,8.589471],[104.93634,8.588147],[104.909597,8.58326],[104.872812,8.573341],[104.844975,8.57082],[104.828815,8.563704],[104.803706,8.577477],[104.780324,8.585891],[104.720605,8.604253],[104.714377,8.615744],[104.712152,8.643024],[104.751301,8.647263],[104.779408,8.646486],[104.792264,8.657233],[104.786197,8.668574],[104.780483,8.69415],[104.797421,8.726017],[104.810569,8.733047],[104.818256,8.734237],[104.810086,8.77291],[104.780079,8.807588],[104.788023,8.858362],[104.78971,8.870208],[104.797996,8.906557],[104.801389,8.926351],[104.803222,8.961352],[104.802714,9.000019],[104.803555,9.030063],[104.804865,9.047689],[104.809969,9.103212],[104.810817,9.142947],[104.806801,9.177805],[104.813095,9.206237],[104.820385,9.250365],[104.823084,9.313812],[104.824758,9.343647],[104.827001,9.375719],[104.82664,9.397972],[104.828391,9.423947],[104.830476,9.477111],[104.831417,9.497091],[104.843882,9.530525],[104.86331,9.509586],[104.891663,9.518307],[104.91252,9.558432],[104.944065,9.53341]]]]}}]}